X,Y,Z
 51.3,0,0
 51.3, 0.3,0
54, 0.3,0
 54.3,0,0
 54.3, 0.3,0
 54.6, 0.3,0
 59.1,0,0
 59.1, 0.3,0
 61.2,0,0
 61.2, 0.3,0
 61.8, 0.3,0
 62.1,0,0
 62.1, 0.3,0
63,0,0
63, 0.3,0
 63.3, 0.3,0
 63.6,0,0
 63.6, 0.3,0
 67.2,0,0
 67.2, 0.3,0
 67.8,0,0
 67.8, 0.3,0
 68.1, 0.3,0
 51.3, 0.6,0
 53.7, 0.6,0
54, 0.6,0
 54.6, 0.6,0
 54.9, 0.6,0
 55.2, 0.6,0
 55.5, 0.6,0
 55.8, 0.6,0
 56.1, 0.6,0
 58.5, 0.6,0
 58.8, 0.6,0
 59.1, 0.6,0
 61.2, 0.6,0
 61.5, 0.6,0
 61.8, 0.6,0
 62.1, 0.6,0
 63.6, 0.6,0
 67.2, 0.6,0
 68.1, 0.6,0
 68.4, 0.6,0
 51.3, 0.9,0
 53.4, 0.9,0
 53.7, 0.9,0
 56.1, 0.9,0
 56.4, 0.9,0
 56.7, 0.9,0
57, 0.9,0
 57.3, 0.9,0
 57.6, 0.9,0
 57.9, 0.9,0
 58.2, 0.9,0
 58.5, 0.9,0
 59.1, 0.9,0
 59.4, 0.9,0
60, 0.9,0
 60.3, 0.9,0
 60.6, 0.9,0
 60.9, 0.9,0
 61.2, 0.9,0
 61.5, 0.9,0
 61.8, 0.9,0
 62.1, 0.9,0
 62.4, 0.9,0
 63.6, 0.9,0
 67.2, 0.9,0
 68.4, 0.9,0
51, 1.2,0
 51.3, 1.2,0
 53.4, 1.2,0
 59.4, 1.2,0
 59.7, 1.2,0
60, 1.2,0
 61.8, 1.2,0
 62.4, 1.2,0
 63.6, 1.2,0
 67.2, 1.2,0
 68.4, 1.2,0
 50.7, 1.5,0
51, 1.5,0
 52.8, 1.5,0
 53.1, 1.5,0
 53.4, 1.5,0
 61.8, 1.5,0
 62.1, 1.5,0
 62.4, 1.5,0
63, 1.5,0
 63.3, 1.5,0
 63.6, 1.5,0
 66.9, 1.5,0
 67.2, 1.5,0
 68.4, 1.5,0
 50.4, 1.8,0
 50.7, 1.8,0
 52.8, 1.8,0
 62.4, 1.8,0
 62.7, 1.8,0
63, 1.8,0
 63.3, 1.8,0
 63.6, 1.8,0
 66.9, 1.8,0
 68.4, 1.8,0
 50.4, 2.1,0
 52.5, 2.1,0
 52.8, 2.1,0
 62.7, 2.1,0
63, 2.1,0
 63.3, 2.1,0
 63.6, 2.1,0
 66.9, 2.1,0
 68.4, 2.1,0
 50.1, 2.4,0
 50.4, 2.4,0
 52.2, 2.4,0
 52.5, 2.4,0
 63.3, 2.4,0
 63.6, 2.4,0
 66.9, 2.4,0
 68.4, 2.4,0
 49.8, 2.7,0
 50.1, 2.7,0
 52.2, 2.7,0
 63.6, 2.7,0
 66.9, 2.7,0
 67.2, 2.7,0
 68.4, 2.7,0
 68.7, 2.7,0
 49.5,3,0
 49.8,3,0
 51.9,3,0
 52.2,3,0
 63.6,3,0
 63.9,3,0
 64.2,3,0
 66.6,3,0
 66.9,3,0
 67.2,3,0
 67.5,3,0
 68.4,3,0
 68.7,3,0
69,3,0
 70.2,3,0
 70.5,3,0
 47.7, 3.3,0
48, 3.3,0
 48.9, 3.3,0
 49.2, 3.3,0
 49.5, 3.3,0
 49.8, 3.3,0
 50.1, 3.3,0
 51.9, 3.3,0
 64.2, 3.3,0
 64.5, 3.3,0
 65.7, 3.3,0
66, 3.3,0
 66.3, 3.3,0
 66.6, 3.3,0
 67.5, 3.3,0
 67.8, 3.3,0
 68.1, 3.3,0
 68.4, 3.3,0
69, 3.3,0
 69.3, 3.3,0
 69.6, 3.3,0
 69.9, 3.3,0
 70.2, 3.3,0
 70.5, 3.3,0
 47.4, 3.6,0
 47.7, 3.6,0
48, 3.6,0
 48.3, 3.6,0
 48.6, 3.6,0
 48.9, 3.6,0
 49.8, 3.6,0
 50.1, 3.6,0
 51.9, 3.6,0
 64.5, 3.6,0
 64.8, 3.6,0
 65.1, 3.6,0
 65.4, 3.6,0
 65.7, 3.6,0
 70.2, 3.6,0
 70.5, 3.6,0
 70.8, 3.6,0
 46.2, 3.9,0
 46.5, 3.9,0
 46.8, 3.9,0
 47.1, 3.9,0
 47.4, 3.9,0
 48.3, 3.9,0
 48.6, 3.9,0
 51.9, 3.9,0
 70.8, 3.9,0
 71.1, 3.9,0
 45.9, 4.2,0
 46.2, 4.2,0
 46.5, 4.2,0
 46.8, 4.2,0
 47.1, 4.2,0
 47.4, 4.2,0
 47.7, 4.2,0
48, 4.2,0
 48.3, 4.2,0
 51.9, 4.2,0
 71.1, 4.2,0
 71.4, 4.2,0
 45.9, 4.5,0
 47.1, 4.5,0
 47.4, 4.5,0
48, 4.5,0
 48.3, 4.5,0
 51.6, 4.5,0
 51.9, 4.5,0
 71.4, 4.5,0
 71.7, 4.5,0
 45.6, 4.8,0
 45.9, 4.8,0
 47.1, 4.8,0
 47.4, 4.8,0
48, 4.8,0
 48.3, 4.8,0
 51.6, 4.8,0
 71.7, 4.8,0
72, 4.8,0
 72.3, 4.8,0
 44.7, 5.1,0
45, 5.1,0
 45.3, 5.1,0
 45.6, 5.1,0
 45.9, 5.1,0
 47.1, 5.1,0
 47.4, 5.1,0
 47.7, 5.1,0
48, 5.1,0
 51.6, 5.1,0
 72.3, 5.1,0
 44.4, 5.4,0
 44.7, 5.4,0
45, 5.4,0
 45.3, 5.4,0
 45.6, 5.4,0
 45.9, 5.4,0
 47.7, 5.4,0
48, 5.4,0
 51.6, 5.4,0
 72.3, 5.4,0
 72.6, 5.4,0
 44.4, 5.7,0
 45.6, 5.7,0
 45.9, 5.7,0
 51.3, 5.7,0
 51.6, 5.7,0
 72.6, 5.7,0
 72.9, 5.7,0
 44.4,6,0
 45.9,6,0
 46.2,6,0
 51.3,6,0
 72.9,6,0
 73.2,6,0
 44.1, 6.3,0
 44.4, 6.3,0
 45.3, 6.3,0
 45.6, 6.3,0
 45.9, 6.3,0
 46.2, 6.3,0
 51.3, 6.3,0
 73.2, 6.3,0
 43.8, 6.6,0
 44.1, 6.6,0
 44.4, 6.6,0
45, 6.6,0
 45.3, 6.6,0
 45.6, 6.6,0
 45.9, 6.6,0
 46.2, 6.6,0
 51.3, 6.6,0
 73.2, 6.6,0
 73.5, 6.6,0
 42.9, 6.9,0
 43.2, 6.9,0
 43.5, 6.9,0
 43.8, 6.9,0
 44.1, 6.9,0
 44.4, 6.9,0
45, 6.9,0
 45.3, 6.9,0
51, 6.9,0
 51.3, 6.9,0
 73.5, 6.9,0
 73.8, 6.9,0
 42.6, 7.2,0
 42.9, 7.2,0
 44.1, 7.2,0
 44.4, 7.2,0
45, 7.2,0
 45.3, 7.2,0
51, 7.2,0
 73.8, 7.2,0
 42.3, 7.5,0
 42.6, 7.5,0
51, 7.5,0
 73.8, 7.5,0
 41.7, 7.8,0
42, 7.8,0
 42.3, 7.8,0
 50.7, 7.8,0
51, 7.8,0
 73.8, 7.8,0
 41.1, 8.1,0
 41.4, 8.1,0
 41.7, 8.1,0
 50.7, 8.1,0
 73.8, 8.1,0
 74.1, 8.1,0
 40.8, 8.4,0
 41.1, 8.4,0
 47.1, 8.4,0
 47.4, 8.4,0
 47.7, 8.4,0
48, 8.4,0
 50.4, 8.4,0
 50.7, 8.4,0
 74.1, 8.4,0
 74.4, 8.4,0
 40.2, 8.7,0
 40.5, 8.7,0
 40.8, 8.7,0
 47.1, 8.7,0
48, 8.7,0
 48.3, 8.7,0
 50.1, 8.7,0
 50.4, 8.7,0
 74.4, 8.7,0
 74.7, 8.7,0
 39.9,9,0
 40.2,9,0
 46.8,9,0
 47.1,9,0
 48.3,9,0
 50.1,9,0
 74.7,9,0
75,9,0
 39.6, 9.3,0
 39.9, 9.3,0
 46.8, 9.3,0
 48.3, 9.3,0
 48.6, 9.3,0
 49.5, 9.3,0
 49.8, 9.3,0
 50.1, 9.3,0
75, 9.3,0
39, 9.6,0
 39.3, 9.6,0
 39.6, 9.6,0
 46.8, 9.6,0
 48.6, 9.6,0
 49.5, 9.6,0
75, 9.6,0
 75.3, 9.6,0
 38.4, 9.9,0
 38.7, 9.9,0
39, 9.9,0
 46.8, 9.9,0
 48.6, 9.9,0
 48.9, 9.9,0
 49.2, 9.9,0
 49.5, 9.9,0
 75.3, 9.9,0
 75.6, 9.9,0
 38.4, 10.2,0
 45.9, 10.2,0
 46.2, 10.2,0
 46.5, 10.2,0
 46.8, 10.2,0
 47.1, 10.2,0
 47.4, 10.2,0
 47.7, 10.2,0
48, 10.2,0
 48.6, 10.2,0
 48.9, 10.2,0
 75.3, 10.2,0
 75.6, 10.2,0
 38.4, 10.5,0
 45.9, 10.5,0
48, 10.5,0
 48.3, 10.5,0
 48.6, 10.5,0
 48.9, 10.5,0
 49.2, 10.5,0
 75.3, 10.5,0
 75.6, 10.5,0
 38.4, 10.8,0
 45.9, 10.8,0
 49.2, 10.8,0
75, 10.8,0
 75.3, 10.8,0
 75.6, 10.8,0
 38.1, 11.1,0
 38.4, 11.1,0
 45.9, 11.1,0
 49.2, 11.1,0
 49.5, 11.1,0
 74.1, 11.1,0
 74.4, 11.1,0
 74.7, 11.1,0
75, 11.1,0
 75.3, 11.1,0
 75.6, 11.1,0
 37.8, 11.4,0
 38.1, 11.4,0
 45.6, 11.4,0
 45.9, 11.4,0
 49.5, 11.4,0
 49.8, 11.4,0
 73.2, 11.4,0
 73.5, 11.4,0
 73.8, 11.4,0
 74.1, 11.4,0
 75.6, 11.4,0
 75.9, 11.4,0
 36.3, 11.7,0
 36.6, 11.7,0
 36.9, 11.7,0
 37.2, 11.7,0
 37.5, 11.7,0
 37.8, 11.7,0
 38.1, 11.7,0
 38.4, 11.7,0
 45.6, 11.7,0
 49.8, 11.7,0
 73.2, 11.7,0
 75.9, 11.7,0
36,12,0
 36.3,12,0
 38.4,12,0
45,12,0
 45.3,12,0
 45.6,12,0
 49.8,12,0
 50.1,12,0
 50.4,12,0
 72.9,12,0
 73.2,12,0
 75.9,12,0
 76.2,12,0
 35.7, 12.3,0
36, 12.3,0
 38.4, 12.3,0
 38.7, 12.3,0
39, 12.3,0
 44.7, 12.3,0
45, 12.3,0
 50.4, 12.3,0
 50.7, 12.3,0
51, 12.3,0
 51.3, 12.3,0
 51.6, 12.3,0
 51.9, 12.3,0
 52.2, 12.3,0
 52.5, 12.3,0
 52.8, 12.3,0
 72.6, 12.3,0
 72.9, 12.3,0
 76.2, 12.3,0
 76.5, 12.3,0
 34.8, 12.6,0
 35.1, 12.6,0
 35.4, 12.6,0
 35.7, 12.6,0
39, 12.6,0
 39.3, 12.6,0
 39.6, 12.6,0
 39.9, 12.6,0
 44.1, 12.6,0
 44.4, 12.6,0
 44.7, 12.6,0
 52.8, 12.6,0
 53.1, 12.6,0
72, 12.6,0
 72.3, 12.6,0
 72.6, 12.6,0
 76.5, 12.6,0
 76.8, 12.6,0
 34.5, 12.9,0
 34.8, 12.9,0
 39.9, 12.9,0
 40.2, 12.9,0
 40.5, 12.9,0
 43.5, 12.9,0
 43.8, 12.9,0
 44.1, 12.9,0
 53.1, 12.9,0
 53.4, 12.9,0
72, 12.9,0
 76.8, 12.9,0
 77.1, 12.9,0
 34.2, 13.2,0
 34.5, 13.2,0
 40.5, 13.2,0
 40.8, 13.2,0
 41.1, 13.2,0
 43.2, 13.2,0
 43.5, 13.2,0
 53.4, 13.2,0
 53.7, 13.2,0
 71.7, 13.2,0
72, 13.2,0
 77.1, 13.2,0
 33.9, 13.5,0
 34.2, 13.5,0
 41.1, 13.5,0
 41.4, 13.5,0
 41.7, 13.5,0
42, 13.5,0
 42.3, 13.5,0
 42.9, 13.5,0
 43.2, 13.5,0
 53.7, 13.5,0
 71.4, 13.5,0
 71.7, 13.5,0
 77.1, 13.5,0
 77.4, 13.5,0
 33.6, 13.8,0
 33.9, 13.8,0
 34.2, 13.8,0
 34.5, 13.8,0
 42.3, 13.8,0
 42.6, 13.8,0
 42.9, 13.8,0
 53.7, 13.8,0
 71.1, 13.8,0
 71.4, 13.8,0
 77.4, 13.8,0
 77.7, 13.8,0
 33.3, 14.1,0
 33.6, 14.1,0
 34.5, 14.1,0
 53.7, 14.1,0
54, 14.1,0
 54.3, 14.1,0
 71.1, 14.1,0
 77.7, 14.1,0
78, 14.1,0
33, 14.4,0
 33.3, 14.4,0
 34.5, 14.4,0
 54.3, 14.4,0
 54.6, 14.4,0
 70.8, 14.4,0
 71.1, 14.4,0
78, 14.4,0
 32.7, 14.7,0
33, 14.7,0
 34.5, 14.7,0
 54.6, 14.7,0
 54.9, 14.7,0
 55.2, 14.7,0
 55.5, 14.7,0
 55.8, 14.7,0
 70.8, 14.7,0
78, 14.7,0
 32.4,15,0
 32.7,15,0
33,15,0
 34.2,15,0
 34.5,15,0
 55.8,15,0
 56.1,15,0
 56.4,15,0
 70.5,15,0
 70.8,15,0
78,15,0
 78.3,15,0
 32.1, 15.3,0
 32.4, 15.3,0
33, 15.3,0
 33.3, 15.3,0
 34.2, 15.3,0
 56.4, 15.3,0
 56.7, 15.3,0
 70.5, 15.3,0
 78.3, 15.3,0
 78.6, 15.3,0
 32.1, 15.6,0
 33.3, 15.6,0
 33.6, 15.6,0
 33.9, 15.6,0
 34.2, 15.6,0
 56.7, 15.6,0
57, 15.6,0
 57.3, 15.6,0
 70.5, 15.6,0
 78.6, 15.6,0
 78.9, 15.6,0
 31.8, 15.9,0
 32.1, 15.9,0
 33.6, 15.9,0
 33.9, 15.9,0
 57.3, 15.9,0
 70.5, 15.9,0
 78.9, 15.9,0
 31.5, 16.2,0
 31.8, 16.2,0
 33.9, 16.2,0
 57.3, 16.2,0
 57.6, 16.2,0
 70.5, 16.2,0
 78.9, 16.2,0
 79.2, 16.2,0
 30.9, 16.5,0
 31.2, 16.5,0
 31.5, 16.5,0
 33.9, 16.5,0
 34.2, 16.5,0
 36.3, 16.5,0
 36.6, 16.5,0
 36.9, 16.5,0
 37.2, 16.5,0
 57.6, 16.5,0
 57.9, 16.5,0
 70.5, 16.5,0
 79.2, 16.5,0
 79.5, 16.5,0
 30.6, 16.8,0
 30.9, 16.8,0
 34.2, 16.8,0
36, 16.8,0
 36.3, 16.8,0
 37.2, 16.8,0
 57.9, 16.8,0
 70.5, 16.8,0
 70.8, 16.8,0
 79.5, 16.8,0
 30.6, 17.1,0
 34.2, 17.1,0
 34.5, 17.1,0
 34.8, 17.1,0
 35.1, 17.1,0
 35.4, 17.1,0
 35.7, 17.1,0
36, 17.1,0
 37.2, 17.1,0
 57.6, 17.1,0
 57.9, 17.1,0
 70.8, 17.1,0
 79.5, 17.1,0
 30.3, 17.4,0
 30.6, 17.4,0
36, 17.4,0
 36.3, 17.4,0
 37.2, 17.4,0
 37.5, 17.4,0
 57.6, 17.4,0
 70.8, 17.4,0
 71.1, 17.4,0
 79.5, 17.4,0
 79.8, 17.4,0
30, 17.7,0
 30.3, 17.7,0
 36.3, 17.7,0
 37.5, 17.7,0
 57.3, 17.7,0
 57.6, 17.7,0
 71.1, 17.7,0
 79.8, 17.7,0
 80.1, 17.7,0
 28.8,18,0
 29.1,18,0
 29.4,18,0
 29.7,18,0
30,18,0
 36.3,18,0
 36.6,18,0
 37.5,18,0
 57.3,18,0
 71.1,18,0
 80.1,18,0
 28.8, 18.3,0
 36.6, 18.3,0
 37.5, 18.3,0
 54.6, 18.3,0
 54.9, 18.3,0
 55.2, 18.3,0
 55.5, 18.3,0
 55.8, 18.3,0
 56.1, 18.3,0
 56.4, 18.3,0
 56.7, 18.3,0
57, 18.3,0
 57.3, 18.3,0
 71.1, 18.3,0
 71.4, 18.3,0
 80.1, 18.3,0
 80.4, 18.3,0
 28.5, 18.6,0
 28.8, 18.6,0
 36.6, 18.6,0
 36.9, 18.6,0
 37.2, 18.6,0
 37.5, 18.6,0
 48.3, 18.6,0
 48.6, 18.6,0
 48.9, 18.6,0
 49.2, 18.6,0
54, 18.6,0
 54.3, 18.6,0
 54.6, 18.6,0
 71.1, 18.6,0
 71.4, 18.6,0
 80.4, 18.6,0
 28.5, 18.9,0
 37.5, 18.9,0
 37.8, 18.9,0
48, 18.9,0
 48.3, 18.9,0
 49.2, 18.9,0
54, 18.9,0
 71.1, 18.9,0
 80.4, 18.9,0
 28.5, 19.2,0
 37.8, 19.2,0
 47.7, 19.2,0
48, 19.2,0
 49.2, 19.2,0
 53.7, 19.2,0
54, 19.2,0
 71.1, 19.2,0
 80.1, 19.2,0
 80.4, 19.2,0
 28.2, 19.5,0
 28.5, 19.5,0
 37.8, 19.5,0
 38.1, 19.5,0
 47.4, 19.5,0
 47.7, 19.5,0
 49.2, 19.5,0
 53.4, 19.5,0
 53.7, 19.5,0
 71.1, 19.5,0
 80.1, 19.5,0
 27.9, 19.8,0
 28.2, 19.8,0
 38.1, 19.8,0
 47.4, 19.8,0
 49.2, 19.8,0
 53.4, 19.8,0
 71.1, 19.8,0
 80.1, 19.8,0
 80.4, 19.8,0
 27.6, 20.1,0
 27.9, 20.1,0
 38.1, 20.1,0
 47.1, 20.1,0
 47.4, 20.1,0
 49.2, 20.1,0
 53.4, 20.1,0
 71.1, 20.1,0
 71.4, 20.1,0
 79.2, 20.1,0
 79.5, 20.1,0
 79.8, 20.1,0
 80.1, 20.1,0
 80.4, 20.1,0
 80.7, 20.1,0
 27.3, 20.4,0
 27.6, 20.4,0
 38.1, 20.4,0
 38.4, 20.4,0
 47.1, 20.4,0
 49.2, 20.4,0
 53.4, 20.4,0
 71.4, 20.4,0
 78.9, 20.4,0
 79.2, 20.4,0
 80.7, 20.4,0
27, 20.7,0
 27.3, 20.7,0
 38.4, 20.7,0
 47.1, 20.7,0
 49.2, 20.7,0
 53.4, 20.7,0
 53.7, 20.7,0
 71.4, 20.7,0
 71.7, 20.7,0
 78.6, 20.7,0
 78.9, 20.7,0
 80.7, 20.7,0
 26.4,21,0
 26.7,21,0
27,21,0
 38.4,21,0
 38.7,21,0
 47.1,21,0
 48.9,21,0
 49.2,21,0
 53.7,21,0
 56.1,21,0
 56.4,21,0
 56.7,21,0
57,21,0
 57.3,21,0
 57.6,21,0
 71.7,21,0
 78.3,21,0
 78.6,21,0
 80.7,21,0
81,21,0
 25.5, 21.3,0
 25.8, 21.3,0
 26.1, 21.3,0
 26.4, 21.3,0
 38.7, 21.3,0
39, 21.3,0
 39.3, 21.3,0
 39.6, 21.3,0
 39.9, 21.3,0
 46.8, 21.3,0
 47.1, 21.3,0
 48.9, 21.3,0
 49.2, 21.3,0
 53.7, 21.3,0
 55.8, 21.3,0
 56.1, 21.3,0
 56.4, 21.3,0
 57.6, 21.3,0
 57.9, 21.3,0
 71.7, 21.3,0
72, 21.3,0
78, 21.3,0
 78.3, 21.3,0
81, 21.3,0
 81.3, 21.3,0
 25.5, 21.6,0
 39.9, 21.6,0
 40.2, 21.6,0
 40.5, 21.6,0
 40.8, 21.6,0
 46.8, 21.6,0
 49.2, 21.6,0
 53.4, 21.6,0
 53.7, 21.6,0
 55.5, 21.6,0
 55.8, 21.6,0
 56.4, 21.6,0
 57.9, 21.6,0
 58.2, 21.6,0
72, 21.6,0
 77.7, 21.6,0
78, 21.6,0
81, 21.6,0
 81.3, 21.6,0
 81.6, 21.6,0
 81.9, 21.6,0
 82.2, 21.6,0
 25.2, 21.9,0
 25.5, 21.9,0
 40.8, 21.9,0
 41.1, 21.9,0
 41.4, 21.9,0
 46.5, 21.9,0
 46.8, 21.9,0
 49.2, 21.9,0
 53.4, 21.9,0
 55.5, 21.9,0
 56.4, 21.9,0
 58.2, 21.9,0
72, 21.9,0
 77.4, 21.9,0
 77.7, 21.9,0
 80.7, 21.9,0
81, 21.9,0
 82.2, 21.9,0
 82.5, 21.9,0
 24.9, 22.2,0
 25.2, 22.2,0
 41.4, 22.2,0
 41.7, 22.2,0
42, 22.2,0
 46.5, 22.2,0
 49.2, 22.2,0
 49.5, 22.2,0
 53.1, 22.2,0
 53.4, 22.2,0
 55.2, 22.2,0
 55.5, 22.2,0
 55.8, 22.2,0
 56.1, 22.2,0
 56.4, 22.2,0
 58.2, 22.2,0
 58.5, 22.2,0
72, 22.2,0
 77.4, 22.2,0
 80.4, 22.2,0
 80.7, 22.2,0
 82.5, 22.2,0
 82.8, 22.2,0
 24.3, 22.5,0
 24.6, 22.5,0
 24.9, 22.5,0
42, 22.5,0
 42.3, 22.5,0
 46.2, 22.5,0
 46.5, 22.5,0
 49.5, 22.5,0
 49.8, 22.5,0
 53.1, 22.5,0
 54.9, 22.5,0
 55.2, 22.5,0
 58.2, 22.5,0
 58.5, 22.5,0
72, 22.5,0
 76.5, 22.5,0
 76.8, 22.5,0
 77.1, 22.5,0
 77.4, 22.5,0
 77.7, 22.5,0
 80.4, 22.5,0
 82.8, 22.5,0
24, 22.8,0
 24.3, 22.8,0
 42.3, 22.8,0
 46.2, 22.8,0
 49.8, 22.8,0
 50.1, 22.8,0
 50.4, 22.8,0
 50.7, 22.8,0
51, 22.8,0
 51.3, 22.8,0
 51.6, 22.8,0
 51.9, 22.8,0
 52.2, 22.8,0
 52.5, 22.8,0
 52.8, 22.8,0
 53.1, 22.8,0
 54.6, 22.8,0
 54.9, 22.8,0
 58.2, 22.8,0
72, 22.8,0
 72.3, 22.8,0
 75.6, 22.8,0
 75.9, 22.8,0
 76.2, 22.8,0
 76.5, 22.8,0
 77.7, 22.8,0
 80.1, 22.8,0
 80.4, 22.8,0
 82.8, 22.8,0
 83.1, 22.8,0
 23.4, 23.1,0
 23.7, 23.1,0
24, 23.1,0
 42.3, 23.1,0
 45.9, 23.1,0
 46.2, 23.1,0
 52.8, 23.1,0
 53.1, 23.1,0
 54.3, 23.1,0
 54.6, 23.1,0
 57.9, 23.1,0
 58.2, 23.1,0
 72.3, 23.1,0
 72.6, 23.1,0
 74.4, 23.1,0
 74.7, 23.1,0
75, 23.1,0
 75.3, 23.1,0
 75.6, 23.1,0
 76.2, 23.1,0
 76.5, 23.1,0
 77.7, 23.1,0
 80.1, 23.1,0
 83.1, 23.1,0
 83.4, 23.1,0
 23.1, 23.4,0
 23.4, 23.4,0
 42.3, 23.4,0
 45.9, 23.4,0
 52.8, 23.4,0
 53.1, 23.4,0
 53.4, 23.4,0
 53.7, 23.4,0
54, 23.4,0
 54.3, 23.4,0
 57.9, 23.4,0
 65.4, 23.4,0
 65.7, 23.4,0
66, 23.4,0
 66.3, 23.4,0
 72.6, 23.4,0
 72.9, 23.4,0
 73.2, 23.4,0
 73.5, 23.4,0
 73.8, 23.4,0
 74.1, 23.4,0
 74.4, 23.4,0
 77.7, 23.4,0
78, 23.4,0
 79.8, 23.4,0
 80.1, 23.4,0
 83.4, 23.4,0
 22.5, 23.7,0
 22.8, 23.7,0
 23.1, 23.7,0
 42.3, 23.7,0
 45.9, 23.7,0
 52.5, 23.7,0
 52.8, 23.7,0
 57.9, 23.7,0
 65.1, 23.7,0
 65.4, 23.7,0
 66.3, 23.7,0
 66.6, 23.7,0
 72.9, 23.7,0
 73.2, 23.7,0
78, 23.7,0
 79.5, 23.7,0
 79.8, 23.7,0
 83.4, 23.7,0
 22.2,24,0
 22.5,24,0
 39.3,24,0
 39.6,24,0
 39.9,24,0
 40.2,24,0
 40.5,24,0
 42.3,24,0
 45.9,24,0
 52.5,24,0
 52.8,24,0
 57.3,24,0
 57.6,24,0
 57.9,24,0
 65.1,24,0
 66.6,24,0
 66.9,24,0
78,24,0
 78.3,24,0
 79.2,24,0
 79.5,24,0
 83.4,24,0
 21.3, 24.3,0
 21.6, 24.3,0
 21.9, 24.3,0
 22.2, 24.3,0
39, 24.3,0
 39.3, 24.3,0
 40.5, 24.3,0
 40.8, 24.3,0
 41.1, 24.3,0
42, 24.3,0
 42.3, 24.3,0
 45.9, 24.3,0
 52.2, 24.3,0
 52.5, 24.3,0
 52.8, 24.3,0
57, 24.3,0
 57.3, 24.3,0
 57.9, 24.3,0
 58.2, 24.3,0
 58.5, 24.3,0
 64.8, 24.3,0
 65.1, 24.3,0
 66.9, 24.3,0
 78.3, 24.3,0
 78.6, 24.3,0
 78.9, 24.3,0
 79.2, 24.3,0
 83.4, 24.3,0
 83.7, 24.3,0
21, 24.6,0
 21.3, 24.6,0
39, 24.6,0
 41.1, 24.6,0
 41.4, 24.6,0
 41.7, 24.6,0
42, 24.6,0
 45.9, 24.6,0
 52.2, 24.6,0
 56.7, 24.6,0
57, 24.6,0
 58.5, 24.6,0
 64.8, 24.6,0
 66.9, 24.6,0
 67.2, 24.6,0
 78.3, 24.6,0
 83.7, 24.6,0
84, 24.6,0
 20.7, 24.9,0
21, 24.9,0
39, 24.9,0
 41.4, 24.9,0
 41.7, 24.9,0
 45.9, 24.9,0
 52.2, 24.9,0
 56.4, 24.9,0
 56.7, 24.9,0
 58.5, 24.9,0
 58.8, 24.9,0
 64.5, 24.9,0
 64.8, 24.9,0
 67.2, 24.9,0
 78.3, 24.9,0
 83.1, 24.9,0
 83.4, 24.9,0
 83.7, 24.9,0
84, 24.9,0
 84.3, 24.9,0
 84.6, 24.9,0
 20.4, 25.2,0
 20.7, 25.2,0
21, 25.2,0
 38.7, 25.2,0
39, 25.2,0
 45.6, 25.2,0
 45.9, 25.2,0
 52.2, 25.2,0
 56.1, 25.2,0
 56.4, 25.2,0
 58.8, 25.2,0
 64.5, 25.2,0
 67.2, 25.2,0
78, 25.2,0
 78.3, 25.2,0
 83.1, 25.2,0
 83.7, 25.2,0
 20.4, 25.5,0
 20.7, 25.5,0
21, 25.5,0
 38.7, 25.5,0
 45.6, 25.5,0
 52.2, 25.5,0
 56.1, 25.5,0
 56.4, 25.5,0
 58.8, 25.5,0
 64.5, 25.5,0
 67.2, 25.5,0
78, 25.5,0
 83.1, 25.5,0
 83.7, 25.5,0
 20.4, 25.8,0
 20.7, 25.8,0
21, 25.8,0
 38.7, 25.8,0
 45.6, 25.8,0
 52.2, 25.8,0
 56.1, 25.8,0
 56.4, 25.8,0
 58.8, 25.8,0
 64.5, 25.8,0
 67.2, 25.8,0
 67.5, 25.8,0
78, 25.8,0
 78.3, 25.8,0
 82.8, 25.8,0
 83.1, 25.8,0
 83.4, 25.8,0
 83.7, 25.8,0
 20.4, 26.1,0
 20.7, 26.1,0
21, 26.1,0
 38.7, 26.1,0
 45.6, 26.1,0
 52.2, 26.1,0
 52.5, 26.1,0
 56.1, 26.1,0
 56.4, 26.1,0
57, 26.1,0
 57.3, 26.1,0
 58.8, 26.1,0
 64.5, 26.1,0
 67.5, 26.1,0
78, 26.1,0
 78.3, 26.1,0
 82.5, 26.1,0
 82.8, 26.1,0
 20.4, 26.4,0
 38.7, 26.4,0
 45.6, 26.4,0
 52.5, 26.4,0
 52.8, 26.4,0
 56.1, 26.4,0
57, 26.4,0
 57.3, 26.4,0
 58.8, 26.4,0
 64.5, 26.4,0
 67.5, 26.4,0
 67.8, 26.4,0
78, 26.4,0
 78.3, 26.4,0
 78.6, 26.4,0
 78.9, 26.4,0
 79.2, 26.4,0
 79.5, 26.4,0
 79.8, 26.4,0
 80.1, 26.4,0
 80.4, 26.4,0
 80.7, 26.4,0
81, 26.4,0
 81.3, 26.4,0
 81.6, 26.4,0
 81.9, 26.4,0
 82.2, 26.4,0
 82.5, 26.4,0
84, 26.4,0
 84.3, 26.4,0
 84.6, 26.4,0
 20.1, 26.7,0
 20.4, 26.7,0
 38.7, 26.7,0
 45.6, 26.7,0
 52.8, 26.7,0
 55.2, 26.7,0
 55.5, 26.7,0
 55.8, 26.7,0
 56.1, 26.7,0
 56.4, 26.7,0
 56.7, 26.7,0
57, 26.7,0
 58.8, 26.7,0
 64.5, 26.7,0
 67.8, 26.7,0
78, 26.7,0
84, 26.7,0
 19.8,27,0
 20.1,27,0
 38.7,27,0
 45.6,27,0
 52.8,27,0
 53.1,27,0
 54.9,27,0
 55.2,27,0
 55.8,27,0
57,27,0
 58.5,27,0
 58.8,27,0
 64.5,27,0
 67.8,27,0
 68.1,27,0
 77.7,27,0
78,27,0
84,27,0
 84.3,27,0
 84.6,27,0
 19.5, 27.3,0
 19.8, 27.3,0
 38.7, 27.3,0
 45.6, 27.3,0
 53.1, 27.3,0
54, 27.3,0
 54.3, 27.3,0
 54.6, 27.3,0
 54.9, 27.3,0
 55.8, 27.3,0
57, 27.3,0
 58.5, 27.3,0
 64.5, 27.3,0
 64.8, 27.3,0
 67.8, 27.3,0
 68.1, 27.3,0
 77.4, 27.3,0
 77.7, 27.3,0
 18.9, 27.6,0
 19.2, 27.6,0
 19.5, 27.6,0
 38.7, 27.6,0
39, 27.6,0
 45.6, 27.6,0
 53.1, 27.6,0
 53.4, 27.6,0
 53.7, 27.6,0
54, 27.6,0
 54.3, 27.6,0
 55.5, 27.6,0
 55.8, 27.6,0
57, 27.6,0
 58.5, 27.6,0
 64.8, 27.6,0
 67.8, 27.6,0
 77.4, 27.6,0
 18.9, 27.9,0
39, 27.9,0
 45.6, 27.9,0
 53.1, 27.9,0
 53.4, 27.9,0
 55.5, 27.9,0
57, 27.9,0
 57.3, 27.9,0
 58.2, 27.9,0
 58.5, 27.9,0
 64.8, 27.9,0
 67.5, 27.9,0
 67.8, 27.9,0
 77.4, 27.9,0
 18.6, 28.2,0
 18.9, 28.2,0
39, 28.2,0
 45.3, 28.2,0
 45.6, 28.2,0
 53.1, 28.2,0
 53.4, 28.2,0
 55.2, 28.2,0
 55.5, 28.2,0
57, 28.2,0
 57.3, 28.2,0
 58.2, 28.2,0
 64.8, 28.2,0
 65.1, 28.2,0
 67.2, 28.2,0
 67.5, 28.2,0
75, 28.2,0
 75.3, 28.2,0
 75.6, 28.2,0
 75.9, 28.2,0
 76.2, 28.2,0
 76.5, 28.2,0
 77.4, 28.2,0
 18.3, 28.5,0
 18.6, 28.5,0
39, 28.5,0
45, 28.5,0
 45.3, 28.5,0
 53.1, 28.5,0
 53.4, 28.5,0
 55.2, 28.5,0
57, 28.5,0
 57.9, 28.5,0
 58.2, 28.5,0
 65.1, 28.5,0
 65.4, 28.5,0
 65.7, 28.5,0
66, 28.5,0
 66.3, 28.5,0
 66.6, 28.5,0
 66.9, 28.5,0
 67.2, 28.5,0
 74.4, 28.5,0
 74.7, 28.5,0
75, 28.5,0
 76.5, 28.5,0
 76.8, 28.5,0
 77.1, 28.5,0
 77.4, 28.5,0
18, 28.8,0
 18.3, 28.8,0
39, 28.8,0
45, 28.8,0
 53.1, 28.8,0
 53.4, 28.8,0
 54.9, 28.8,0
 55.2, 28.8,0
57, 28.8,0
 57.3, 28.8,0
 57.9, 28.8,0
 73.8, 28.8,0
 74.1, 28.8,0
 74.4, 28.8,0
 77.4, 28.8,0
 17.7, 29.1,0
18, 29.1,0
39, 29.1,0
 44.7, 29.1,0
45, 29.1,0
 53.4, 29.1,0
 54.9, 29.1,0
 57.3, 29.1,0
 57.6, 29.1,0
 57.9, 29.1,0
 72.3, 29.1,0
 72.6, 29.1,0
 72.9, 29.1,0
 73.2, 29.1,0
 73.5, 29.1,0
 73.8, 29.1,0
 77.4, 29.1,0
 16.5, 29.4,0
 16.8, 29.4,0
 17.1, 29.4,0
 17.4, 29.4,0
 17.7, 29.4,0
39, 29.4,0
 44.7, 29.4,0
 53.4, 29.4,0
 54.6, 29.4,0
 54.9, 29.4,0
 57.3, 29.4,0
 57.6, 29.4,0
 71.7, 29.4,0
72, 29.4,0
 72.3, 29.4,0
 77.4, 29.4,0
 16.5, 29.7,0
 16.8, 29.7,0
 17.1, 29.7,0
 38.7, 29.7,0
39, 29.7,0
 44.7, 29.7,0
 53.4, 29.7,0
 54.6, 29.7,0
 57.6, 29.7,0
 71.7, 29.7,0
 77.4, 29.7,0
 77.7, 29.7,0
 16.2,30,0
 16.5,30,0
 38.7,30,0
39,30,0
 44.7,30,0
 53.4,30,0
 54.6,30,0
 57.6,30,0
 71.7,30,0
 77.1,30,0
 77.4,30,0
 77.7,30,0
78,30,0
 15.9, 30.3,0
 16.2, 30.3,0
39, 30.3,0
 44.7, 30.3,0
 53.4, 30.3,0
 54.6, 30.3,0
 57.6, 30.3,0
 71.4, 30.3,0
 71.7, 30.3,0
 77.1, 30.3,0
78, 30.3,0
 78.3, 30.3,0
 15.6, 30.6,0
 15.9, 30.6,0
39, 30.6,0
 44.7, 30.6,0
 53.4, 30.6,0
 54.6, 30.6,0
 57.6, 30.6,0
 71.1, 30.6,0
 71.4, 30.6,0
 76.5, 30.6,0
 76.8, 30.6,0
 77.1, 30.6,0
 78.3, 30.6,0
 78.6, 30.6,0
 14.7, 30.9,0
15, 30.9,0
 15.3, 30.9,0
 15.6, 30.9,0
39, 30.9,0
 44.4, 30.9,0
 44.7, 30.9,0
 53.4, 30.9,0
 54.6, 30.9,0
 57.3, 30.9,0
 57.6, 30.9,0
 71.1, 30.9,0
 76.2, 30.9,0
 76.5, 30.9,0
 77.1, 30.9,0
 78.6, 30.9,0
 14.7, 31.2,0
15, 31.2,0
 15.3, 31.2,0
39, 31.2,0
 44.4, 31.2,0
 53.4, 31.2,0
 54.6, 31.2,0
57, 31.2,0
 57.3, 31.2,0
 70.8, 31.2,0
 71.1, 31.2,0
 76.2, 31.2,0
 76.8, 31.2,0
 77.1, 31.2,0
 78.6, 31.2,0
 14.7, 31.5,0
 15.3, 31.5,0
39, 31.5,0
 44.4, 31.5,0
 44.7, 31.5,0
 53.4, 31.5,0
 54.6, 31.5,0
57, 31.5,0
 70.5, 31.5,0
 70.8, 31.5,0
 76.2, 31.5,0
 76.8, 31.5,0
 78.3, 31.5,0
 78.6, 31.5,0
 14.4, 31.8,0
 14.7, 31.8,0
15, 31.8,0
 15.3, 31.8,0
39, 31.8,0
 44.7, 31.8,0
 53.4, 31.8,0
 54.6, 31.8,0
 54.9, 31.8,0
 56.7, 31.8,0
57, 31.8,0
 69.9, 31.8,0
 70.2, 31.8,0
 70.5, 31.8,0
 75.9, 31.8,0
 76.2, 31.8,0
 76.5, 31.8,0
 76.8, 31.8,0
 78.3, 31.8,0
 13.2, 32.1,0
 13.5, 32.1,0
 14.1, 32.1,0
 14.4, 32.1,0
 14.7, 32.1,0
15, 32.1,0
 15.3, 32.1,0
39, 32.1,0
 44.7, 32.1,0
 53.4, 32.1,0
 53.7, 32.1,0
 54.6, 32.1,0
 54.9, 32.1,0
 56.4, 32.1,0
 56.7, 32.1,0
 69.9, 32.1,0
 75.6, 32.1,0
 75.9, 32.1,0
 76.5, 32.1,0
78, 32.1,0
 78.3, 32.1,0
 13.2, 32.4,0
 13.5, 32.4,0
 13.8, 32.4,0
 14.1, 32.4,0
 15.3, 32.4,0
39, 32.4,0
 44.7, 32.4,0
 53.4, 32.4,0
 53.7, 32.4,0
 54.6, 32.4,0
 56.4, 32.4,0
 69.9, 32.4,0
 75.6, 32.4,0
 76.5, 32.4,0
78, 32.4,0
 84.3, 32.4,0
 84.6, 32.4,0
 12.9, 32.7,0
 13.2, 32.7,0
 13.5, 32.7,0
 15.3, 32.7,0
39, 32.7,0
 44.7, 32.7,0
 52.8, 32.7,0
 53.1, 32.7,0
 53.4, 32.7,0
 53.7, 32.7,0
54, 32.7,0
 54.3, 32.7,0
 54.6, 32.7,0
 54.9, 32.7,0
 56.4, 32.7,0
 69.9, 32.7,0
 75.6, 32.7,0
 76.5, 32.7,0
78, 32.7,0
84, 32.7,0
 84.3, 32.7,0
 12.6,33,0
 12.9,33,0
 13.5,33,0
15,33,0
 15.3,33,0
39,33,0
 44.7,33,0
 52.5,33,0
 52.8,33,0
 53.4,33,0
 53.7,33,0
54,33,0
 54.6,33,0
 54.9,33,0
 56.1,33,0
 56.4,33,0
 69.9,33,0
 70.2,33,0
 75.6,33,0
 75.9,33,0
 76.2,33,0
 76.5,33,0
 77.7,33,0
78,33,0
 83.7,33,0
84,33,0
 12.3, 33.3,0
 12.6, 33.3,0
 13.5, 33.3,0
 13.8, 33.3,0
15, 33.3,0
39, 33.3,0
 44.7, 33.3,0
 52.5, 33.3,0
 53.7, 33.3,0
54, 33.3,0
 54.3, 33.3,0
 54.6, 33.3,0
 54.9, 33.3,0
 55.2, 33.3,0
 55.8, 33.3,0
 56.1, 33.3,0
 70.2, 33.3,0
 70.5, 33.3,0
 70.8, 33.3,0
 71.1, 33.3,0
 76.2, 33.3,0
 77.4, 33.3,0
 77.7, 33.3,0
 83.7, 33.3,0
 11.7, 33.6,0
12, 33.6,0
 12.3, 33.6,0
 13.8, 33.6,0
 14.7, 33.6,0
15, 33.6,0
39, 33.6,0
 39.3, 33.6,0
 44.4, 33.6,0
 44.7, 33.6,0
 52.2, 33.6,0
 52.5, 33.6,0
 55.2, 33.6,0
 55.5, 33.6,0
 55.8, 33.6,0
 71.1, 33.6,0
 71.4, 33.6,0
 76.2, 33.6,0
 77.1, 33.6,0
 77.4, 33.6,0
 83.4, 33.6,0
 83.7, 33.6,0
 11.7, 33.9,0
 12.6, 33.9,0
 12.9, 33.9,0
 13.8, 33.9,0
 14.1, 33.9,0
 14.4, 33.9,0
 14.7, 33.9,0
39, 33.9,0
 39.3, 33.9,0
 44.4, 33.9,0
 52.2, 33.9,0
 52.5, 33.9,0
 55.8, 33.9,0
 71.4, 33.9,0
 71.7, 33.9,0
 76.2, 33.9,0
 77.1, 33.9,0
 83.1, 33.9,0
 83.4, 33.9,0
 11.7, 34.2,0
 12.6, 34.2,0
 12.9, 34.2,0
39, 34.2,0
 39.3, 34.2,0
 44.1, 34.2,0
 44.4, 34.2,0
 52.5, 34.2,0
 55.8, 34.2,0
 71.7, 34.2,0
 76.2, 34.2,0
 76.8, 34.2,0
 77.1, 34.2,0
 82.8, 34.2,0
 83.1, 34.2,0
 11.4, 34.5,0
 11.7, 34.5,0
 31.5, 34.5,0
 31.8, 34.5,0
 32.1, 34.5,0
 32.4, 34.5,0
 32.7, 34.5,0
33, 34.5,0
 39.3, 34.5,0
 43.8, 34.5,0
 44.1, 34.5,0
 52.2, 34.5,0
 52.5, 34.5,0
 55.8, 34.5,0
 71.7, 34.5,0
 76.2, 34.5,0
 76.5, 34.5,0
 76.8, 34.5,0
 82.8, 34.5,0
 11.4, 34.8,0
 31.2, 34.8,0
 31.5, 34.8,0
33, 34.8,0
 33.3, 34.8,0
 33.6, 34.8,0
 33.9, 34.8,0
 34.2, 34.8,0
 34.5, 34.8,0
 34.8, 34.8,0
 35.1, 34.8,0
 35.4, 34.8,0
 35.7, 34.8,0
36, 34.8,0
 36.3, 34.8,0
 36.6, 34.8,0
 39.3, 34.8,0
 43.8, 34.8,0
 52.2, 34.8,0
 55.8, 34.8,0
 56.1, 34.8,0
 56.4, 34.8,0
 71.4, 34.8,0
 71.7, 34.8,0
 76.5, 34.8,0
 76.8, 34.8,0
 82.5, 34.8,0
 82.8, 34.8,0
 11.4, 35.1,0
 31.2, 35.1,0
 31.5, 35.1,0
 36.6, 35.1,0
 36.9, 35.1,0
 37.2, 35.1,0
 37.5, 35.1,0
 39.3, 35.1,0
 42.3, 35.1,0
 42.6, 35.1,0
 42.9, 35.1,0
 43.2, 35.1,0
 43.5, 35.1,0
 43.8, 35.1,0
 52.2, 35.1,0
 56.4, 35.1,0
 56.7, 35.1,0
 71.1, 35.1,0
 71.4, 35.1,0
 76.8, 35.1,0
 82.2, 35.1,0
 82.5, 35.1,0
 11.1, 35.4,0
 11.4, 35.4,0
 31.2, 35.4,0
 31.5, 35.4,0
 37.5, 35.4,0
 37.8, 35.4,0
 38.1, 35.4,0
 38.4, 35.4,0
 39.3, 35.4,0
 39.6, 35.4,0
42, 35.4,0
 42.3, 35.4,0
 51.9, 35.4,0
 52.2, 35.4,0
 56.7, 35.4,0
57, 35.4,0
 57.3, 35.4,0
 71.1, 35.4,0
 76.8, 35.4,0
 81.3, 35.4,0
 81.6, 35.4,0
 81.9, 35.4,0
 82.2, 35.4,0
 10.8, 35.7,0
 11.1, 35.7,0
 11.4, 35.7,0
 31.2, 35.7,0
 31.5, 35.7,0
 38.4, 35.7,0
 38.7, 35.7,0
 39.6, 35.7,0
 41.7, 35.7,0
42, 35.7,0
 51.9, 35.7,0
 52.2, 35.7,0
 52.5, 35.7,0
 57.3, 35.7,0
 70.8, 35.7,0
 71.1, 35.7,0
 76.8, 35.7,0
 77.1, 35.7,0
81, 35.7,0
 81.3, 35.7,0
 81.9, 35.7,0
 10.8,36,0
 11.4,36,0
 31.5,36,0
 38.7,36,0
39,36,0
 39.3,36,0
 39.6,36,0
 41.4,36,0
 41.7,36,0
 51.9,36,0
 52.5,36,0
 57.3,36,0
 70.5,36,0
 70.8,36,0
 77.1,36,0
81,36,0
 81.9,36,0
 10.8, 36.3,0
 11.1, 36.3,0
 11.4, 36.3,0
 11.7, 36.3,0
12, 36.3,0
 12.9, 36.3,0
 13.2, 36.3,0
 13.5, 36.3,0
 31.5, 36.3,0
 39.6, 36.3,0
 39.9, 36.3,0
 40.2, 36.3,0
 40.5, 36.3,0
 40.8, 36.3,0
 41.1, 36.3,0
 41.4, 36.3,0
 51.6, 36.3,0
 51.9, 36.3,0
 52.5, 36.3,0
 57.3, 36.3,0
 70.2, 36.3,0
 70.5, 36.3,0
 77.1, 36.3,0
 77.4, 36.3,0
 77.7, 36.3,0
 80.7, 36.3,0
81, 36.3,0
 81.6, 36.3,0
 81.9, 36.3,0
 11.1, 36.6,0
 11.4, 36.6,0
12, 36.6,0
 12.3, 36.6,0
 12.6, 36.6,0
 12.9, 36.6,0
 13.5, 36.6,0
 13.8, 36.6,0
 31.5, 36.6,0
 39.6, 36.6,0
 41.4, 36.6,0
 41.7, 36.6,0
 51.6, 36.6,0
 52.5, 36.6,0
 57.3, 36.6,0
 69.9, 36.6,0
 70.2, 36.6,0
 77.7, 36.6,0
78, 36.6,0
 78.3, 36.6,0
 78.6, 36.6,0
 80.7, 36.6,0
 81.3, 36.6,0
 81.6, 36.6,0
 12.3, 36.9,0
 12.6, 36.9,0
 13.8, 36.9,0
 14.1, 36.9,0
 31.5, 36.9,0
 39.3, 36.9,0
 39.6, 36.9,0
 41.7, 36.9,0
 51.3, 36.9,0
 51.6, 36.9,0
 52.5, 36.9,0
 57.3, 36.9,0
 69.9, 36.9,0
 78.6, 36.9,0
 78.9, 36.9,0
 79.2, 36.9,0
 80.7, 36.9,0
81, 36.9,0
 81.3, 36.9,0
 12.3, 37.2,0
 12.6, 37.2,0
 14.1, 37.2,0
 14.4, 37.2,0
 31.5, 37.2,0
 39.3, 37.2,0
 41.7, 37.2,0
51, 37.2,0
 51.3, 37.2,0
 52.5, 37.2,0
57, 37.2,0
 57.3, 37.2,0
 69.3, 37.2,0
 69.6, 37.2,0
 69.9, 37.2,0
 79.2, 37.2,0
 79.5, 37.2,0
 79.8, 37.2,0
 80.7, 37.2,0
81, 37.2,0
9, 37.5,0
 9.3, 37.5,0
 9.6, 37.5,0
 9.9, 37.5,0
 10.2, 37.5,0
 10.5, 37.5,0
 10.8, 37.5,0
 11.1, 37.5,0
12, 37.5,0
 12.3, 37.5,0
 14.4, 37.5,0
 31.5, 37.5,0
 38.4, 37.5,0
 38.7, 37.5,0
39, 37.5,0
 39.3, 37.5,0
 41.7, 37.5,0
 50.1, 37.5,0
 50.4, 37.5,0
 50.7, 37.5,0
51, 37.5,0
 51.3, 37.5,0
 52.5, 37.5,0
57, 37.5,0
 67.8, 37.5,0
 68.1, 37.5,0
 68.4, 37.5,0
 68.7, 37.5,0
69, 37.5,0
 69.3, 37.5,0
 79.8, 37.5,0
 80.1, 37.5,0
 80.4, 37.5,0
 80.7, 37.5,0
9, 37.8,0
 9.3, 37.8,0
 10.5, 37.8,0
 10.8, 37.8,0
 11.1, 37.8,0
 11.4, 37.8,0
 11.7, 37.8,0
12, 37.8,0
 14.4, 37.8,0
 15.3, 37.8,0
 15.6, 37.8,0
 15.9, 37.8,0
 16.2, 37.8,0
 31.5, 37.8,0
 31.8, 37.8,0
 36.6, 37.8,0
 36.9, 37.8,0
 37.2, 37.8,0
 37.8, 37.8,0
 38.1, 37.8,0
 38.4, 37.8,0
 41.7, 37.8,0
 50.1, 37.8,0
 51.3, 37.8,0
 52.5, 37.8,0
57, 37.8,0
 65.1, 37.8,0
 65.4, 37.8,0
 65.7, 37.8,0
66, 37.8,0
 66.3, 37.8,0
 66.6, 37.8,0
 66.9, 37.8,0
 67.2, 37.8,0
 67.5, 37.8,0
 67.8, 37.8,0
 80.4, 37.8,0
 6.6, 38.1,0
 6.9, 38.1,0
 8.7, 38.1,0
9, 38.1,0
 9.3, 38.1,0
 11.4, 38.1,0
 11.7, 38.1,0
12, 38.1,0
 14.4, 38.1,0
 14.7, 38.1,0
15, 38.1,0
 15.3, 38.1,0
 16.2, 38.1,0
 31.8, 38.1,0
 36.3, 38.1,0
 36.6, 38.1,0
 37.2, 38.1,0
 37.5, 38.1,0
 37.8, 38.1,0
 41.7, 38.1,0
 49.5, 38.1,0
 49.8, 38.1,0
 50.1, 38.1,0
 51.3, 38.1,0
 52.5, 38.1,0
 56.7, 38.1,0
57, 38.1,0
 64.2, 38.1,0
 64.5, 38.1,0
 64.8, 38.1,0
 65.1, 38.1,0
 80.4, 38.1,0
 6.6, 38.4,0
 6.9, 38.4,0
 8.4, 38.4,0
 8.7, 38.4,0
9, 38.4,0
 9.3, 38.4,0
 11.7, 38.4,0
12, 38.4,0
15, 38.4,0
 15.3, 38.4,0
 15.9, 38.4,0
 16.2, 38.4,0
 16.5, 38.4,0
 31.8, 38.4,0
 34.8, 38.4,0
 35.1, 38.4,0
 35.4, 38.4,0
 35.7, 38.4,0
36, 38.4,0
 36.3, 38.4,0
 41.7, 38.4,0
 49.5, 38.4,0
 51.3, 38.4,0
 52.5, 38.4,0
 56.4, 38.4,0
 56.7, 38.4,0
 63.9, 38.4,0
 64.2, 38.4,0
 80.4, 38.4,0
 6.6, 38.7,0
 6.9, 38.7,0
 7.2, 38.7,0
 8.1, 38.7,0
 8.4, 38.7,0
 8.7, 38.7,0
9, 38.7,0
 9.3, 38.7,0
 9.6, 38.7,0
 11.4, 38.7,0
 11.7, 38.7,0
12, 38.7,0
 12.3, 38.7,0
 15.3, 38.7,0
 15.6, 38.7,0
 15.9, 38.7,0
 16.5, 38.7,0
 31.8, 38.7,0
 32.7, 38.7,0
33, 38.7,0
 33.3, 38.7,0
 33.6, 38.7,0
 33.9, 38.7,0
 34.2, 38.7,0
 34.5, 38.7,0
 34.8, 38.7,0
 35.1, 38.7,0
 35.4, 38.7,0
 41.7, 38.7,0
 49.5, 38.7,0
51, 38.7,0
 51.3, 38.7,0
 52.5, 38.7,0
 55.2, 38.7,0
 55.5, 38.7,0
 55.8, 38.7,0
 56.1, 38.7,0
 56.4, 38.7,0
 63.6, 38.7,0
 63.9, 38.7,0
 80.1, 38.7,0
 80.4, 38.7,0
 6.6,39,0
 6.9,39,0
 7.2,39,0
 7.5,39,0
 7.8,39,0
 8.1,39,0
 8.4,39,0
 8.7,39,0
 9.6,39,0
 11.1,39,0
 11.4,39,0
 12.3,39,0
 12.6,39,0
 15.3,39,0
 16.5,39,0
 16.8,39,0
 31.2,39,0
 31.5,39,0
 31.8,39,0
 32.1,39,0
 32.4,39,0
 32.7,39,0
 41.7,39,0
 49.2,39,0
 49.5,39,0
51,39,0
 52.5,39,0
 52.8,39,0
 53.1,39,0
 53.4,39,0
 53.7,39,0
 54.9,39,0
 55.2,39,0
 63.6,39,0
 79.8,39,0
 80.1,39,0
 6.6, 39.3,0
 6.9, 39.3,0
 7.5, 39.3,0
 7.8, 39.3,0
 8.4, 39.3,0
 8.7, 39.3,0
9, 39.3,0
 9.3, 39.3,0
 9.6, 39.3,0
 10.8, 39.3,0
 11.1, 39.3,0
 12.6, 39.3,0
 12.9, 39.3,0
 15.3, 39.3,0
 16.8, 39.3,0
 30.6, 39.3,0
 30.9, 39.3,0
 31.2, 39.3,0
 41.4, 39.3,0
 41.7, 39.3,0
 49.2, 39.3,0
 49.5, 39.3,0
51, 39.3,0
 53.7, 39.3,0
54, 39.3,0
 54.9, 39.3,0
 63.6, 39.3,0
 79.5, 39.3,0
 79.8, 39.3,0
 6.6, 39.6,0
 7.8, 39.6,0
 8.1, 39.6,0
 8.4, 39.6,0
 9.6, 39.6,0
 9.9, 39.6,0
 10.2, 39.6,0
 10.5, 39.6,0
 10.8, 39.6,0
 11.1, 39.6,0
 12.9, 39.6,0
 13.2, 39.6,0
 13.5, 39.6,0
 13.8, 39.6,0
15, 39.6,0
 15.3, 39.6,0
 15.6, 39.6,0
 16.8, 39.6,0
 30.3, 39.6,0
 30.6, 39.6,0
 41.4, 39.6,0
 49.2, 39.6,0
 49.5, 39.6,0
 50.7, 39.6,0
51, 39.6,0
54, 39.6,0
 54.9, 39.6,0
 63.6, 39.6,0
 79.2, 39.6,0
 79.5, 39.6,0
 6.3, 39.9,0
 6.6, 39.9,0
 7.8, 39.9,0
 10.8, 39.9,0
 11.1, 39.9,0
 13.8, 39.9,0
 14.1, 39.9,0
15, 39.9,0
 15.6, 39.9,0
 16.8, 39.9,0
 17.1, 39.9,0
30, 39.9,0
 30.3, 39.9,0
 30.6, 39.9,0
 41.4, 39.9,0
 49.2, 39.9,0
 50.7, 39.9,0
54, 39.9,0
 54.9, 39.9,0
 63.3, 39.9,0
 63.6, 39.9,0
 63.9, 39.9,0
 79.2, 39.9,0
6, 40.2,0
 6.3, 40.2,0
 7.8, 40.2,0
 10.5, 40.2,0
 10.8, 40.2,0
 14.1, 40.2,0
 14.4, 40.2,0
 14.7, 40.2,0
15, 40.2,0
 15.3, 40.2,0
 15.6, 40.2,0
 17.1, 40.2,0
 17.4, 40.2,0
 29.7, 40.2,0
30, 40.2,0
 41.4, 40.2,0
 49.2, 40.2,0
 50.4, 40.2,0
 50.7, 40.2,0
 53.7, 40.2,0
54, 40.2,0
 54.9, 40.2,0
 63.3, 40.2,0
 63.9, 40.2,0
 78.9, 40.2,0
 79.2, 40.2,0
 3.9, 40.5,0
 4.2, 40.5,0
 4.5, 40.5,0
 4.8, 40.5,0
 5.1, 40.5,0
 5.4, 40.5,0
 5.7, 40.5,0
6, 40.5,0
 6.3, 40.5,0
 6.6, 40.5,0
 7.8, 40.5,0
 10.5, 40.5,0
 10.8, 40.5,0
 14.7, 40.5,0
15, 40.5,0
 15.3, 40.5,0
 15.6, 40.5,0
 15.9, 40.5,0
 16.2, 40.5,0
 17.1, 40.5,0
 17.4, 40.5,0
 17.7, 40.5,0
 29.7, 40.5,0
 41.4, 40.5,0
 41.7, 40.5,0
 49.2, 40.5,0
 50.4, 40.5,0
 53.7, 40.5,0
 54.6, 40.5,0
 54.9, 40.5,0
63, 40.5,0
 63.3, 40.5,0
 63.9, 40.5,0
 78.6, 40.5,0
 78.9, 40.5,0
 3.6, 40.8,0
 3.9, 40.8,0
6, 40.8,0
 6.3, 40.8,0
 6.6, 40.8,0
 7.8, 40.8,0
 16.2, 40.8,0
 17.1, 40.8,0
 17.4, 40.8,0
 17.7, 40.8,0
18, 40.8,0
 18.3, 40.8,0
 18.6, 40.8,0
 29.4, 40.8,0
 29.7, 40.8,0
 40.8, 40.8,0
 41.1, 40.8,0
 41.4, 40.8,0
 41.7, 40.8,0
42, 40.8,0
 48.9, 40.8,0
 49.2, 40.8,0
 50.1, 40.8,0
 50.4, 40.8,0
 53.7, 40.8,0
 54.6, 40.8,0
63, 40.8,0
 63.3, 40.8,0
 63.6, 40.8,0
 63.9, 40.8,0
 78.3, 40.8,0
 78.6, 40.8,0
 3.3, 41.1,0
 3.6, 41.1,0
 6.6, 41.1,0
 7.5, 41.1,0
 7.8, 41.1,0
 16.2, 41.1,0
 16.8, 41.1,0
 17.1, 41.1,0
18, 41.1,0
 18.6, 41.1,0
 22.2, 41.1,0
 22.5, 41.1,0
 22.8, 41.1,0
 23.1, 41.1,0
 23.4, 41.1,0
 23.7, 41.1,0
24, 41.1,0
 24.3, 41.1,0
 24.6, 41.1,0
 24.9, 41.1,0
 25.2, 41.1,0
 29.4, 41.1,0
 40.5, 41.1,0
 40.8, 41.1,0
42, 41.1,0
 48.9, 41.1,0
 50.1, 41.1,0
 53.4, 41.1,0
 53.7, 41.1,0
 54.6, 41.1,0
63, 41.1,0
78, 41.1,0
 78.3, 41.1,0
3, 41.4,0
 3.3, 41.4,0
 6.6, 41.4,0
 6.9, 41.4,0
 7.5, 41.4,0
 16.2, 41.4,0
 16.5, 41.4,0
 16.8, 41.4,0
 17.1, 41.4,0
 17.4, 41.4,0
 17.7, 41.4,0
18, 41.4,0
 18.3, 41.4,0
 18.6, 41.4,0
 20.7, 41.4,0
21, 41.4,0
 21.9, 41.4,0
 22.2, 41.4,0
 25.2, 41.4,0
 25.5, 41.4,0
 25.8, 41.4,0
 26.1, 41.4,0
 29.4, 41.4,0
 40.5, 41.4,0
42, 41.4,0
 42.3, 41.4,0
 48.9, 41.4,0
 50.1, 41.4,0
 53.1, 41.4,0
 53.4, 41.4,0
 54.6, 41.4,0
 62.7, 41.4,0
63, 41.4,0
 77.7, 41.4,0
78, 41.4,0
 2.7, 41.7,0
3, 41.7,0
 6.9, 41.7,0
 7.2, 41.7,0
 7.5, 41.7,0
 16.2, 41.7,0
 16.5, 41.7,0
 16.8, 41.7,0
 18.6, 41.7,0
 18.9, 41.7,0
 20.7, 41.7,0
21, 41.7,0
 21.3, 41.7,0
 21.6, 41.7,0
 21.9, 41.7,0
 25.2, 41.7,0
 25.8, 41.7,0
 26.1, 41.7,0
 26.4, 41.7,0
 29.1, 41.7,0
 29.4, 41.7,0
 39.9, 41.7,0
 40.2, 41.7,0
 40.5, 41.7,0
 42.3, 41.7,0
 48.6, 41.7,0
 48.9, 41.7,0
 49.5, 41.7,0
 49.8, 41.7,0
 50.1, 41.7,0
 53.1, 41.7,0
 54.6, 41.7,0
 62.7, 41.7,0
 77.4, 41.7,0
 77.7, 41.7,0
 2.7,42,0
 7.5,42,0
 14.4,42,0
 14.7,42,0
 15.6,42,0
 15.9,42,0
 16.2,42,0
 16.8,42,0
 18.9,42,0
 20.1,42,0
 20.4,42,0
 20.7,42,0
21,42,0
 25.2,42,0
 25.5,42,0
 25.8,42,0
 26.4,42,0
 28.8,42,0
 29.1,42,0
 39.6,42,0
 39.9,42,0
 42.3,42,0
 42.6,42,0
 48.3,42,0
 48.6,42,0
 49.5,42,0
 50.1,42,0
 53.1,42,0
 54.3,42,0
 54.6,42,0
 62.4,42,0
 62.7,42,0
 77.1,42,0
 77.4,42,0
 2.4, 42.3,0
 2.7, 42.3,0
 7.2, 42.3,0
 7.5, 42.3,0
 12.6, 42.3,0
 12.9, 42.3,0
 13.2, 42.3,0
 13.5, 42.3,0
 13.8, 42.3,0
 14.1, 42.3,0
 14.4, 42.3,0
 14.7, 42.3,0
15, 42.3,0
 15.3, 42.3,0
 15.6, 42.3,0
 16.8, 42.3,0
 18.9, 42.3,0
 19.2, 42.3,0
 19.5, 42.3,0
 19.8, 42.3,0
 20.1, 42.3,0
 20.4, 42.3,0
 20.7, 42.3,0
 25.8, 42.3,0
 26.1, 42.3,0
 26.4, 42.3,0
 26.7, 42.3,0
 28.5, 42.3,0
 28.8, 42.3,0
39, 42.3,0
 39.3, 42.3,0
 39.6, 42.3,0
 42.6, 42.3,0
 48.3, 42.3,0
 49.2, 42.3,0
 49.5, 42.3,0
 50.1, 42.3,0
 52.8, 42.3,0
 53.1, 42.3,0
 54.3, 42.3,0
 62.1, 42.3,0
 62.4, 42.3,0
 76.8, 42.3,0
 77.1, 42.3,0
 2.1, 42.6,0
 2.4, 42.6,0
 7.2, 42.6,0
 7.5, 42.6,0
 12.3, 42.6,0
 12.6, 42.6,0
 14.1, 42.6,0
 15.3, 42.6,0
 15.6, 42.6,0
 16.5, 42.6,0
 16.8, 42.6,0
 19.2, 42.6,0
 19.5, 42.6,0
 26.7, 42.6,0
27, 42.6,0
 27.3, 42.6,0
 27.6, 42.6,0
 28.5, 42.6,0
 38.7, 42.6,0
39, 42.6,0
 42.6, 42.6,0
 42.9, 42.6,0
 48.3, 42.6,0
 49.2, 42.6,0
 50.1, 42.6,0
 52.5, 42.6,0
 52.8, 42.6,0
 54.3, 42.6,0
 61.8, 42.6,0
 62.1, 42.6,0
 76.5, 42.6,0
 76.8, 42.6,0
 1.8, 42.9,0
 2.1, 42.9,0
 6.9, 42.9,0
 7.2, 42.9,0
 7.5, 42.9,0
12, 42.9,0
 12.3, 42.9,0
 13.8, 42.9,0
 14.1, 42.9,0
 15.9, 42.9,0
 16.2, 42.9,0
 16.5, 42.9,0
 27.6, 42.9,0
 27.9, 42.9,0
 28.2, 42.9,0
 28.5, 42.9,0
 38.4, 42.9,0
 38.7, 42.9,0
 42.9, 42.9,0
48, 42.9,0
 48.3, 42.9,0
 48.9, 42.9,0
 49.2, 42.9,0
 49.8, 42.9,0
 50.1, 42.9,0
 52.5, 42.9,0
 54.3, 42.9,0
 61.5, 42.9,0
 61.8, 42.9,0
 76.5, 42.9,0
 1.2, 43.2,0
 1.5, 43.2,0
 1.8, 43.2,0
 6.6, 43.2,0
 6.9, 43.2,0
 7.2, 43.2,0
 7.5, 43.2,0
 11.1, 43.2,0
 11.4, 43.2,0
 11.7, 43.2,0
12, 43.2,0
 13.8, 43.2,0
 15.6, 43.2,0
 15.9, 43.2,0
 28.5, 43.2,0
 38.1, 43.2,0
 38.4, 43.2,0
 42.9, 43.2,0
 43.2, 43.2,0
48, 43.2,0
 48.3, 43.2,0
 48.6, 43.2,0
 48.9, 43.2,0
 49.8, 43.2,0
 50.1, 43.2,0
 52.2, 43.2,0
 52.5, 43.2,0
 54.3, 43.2,0
 61.2, 43.2,0
 61.5, 43.2,0
 76.5, 43.2,0
 0.6, 43.5,0
 0.9, 43.5,0
 1.2, 43.5,0
 6.3, 43.5,0
 6.6, 43.5,0
 11.1, 43.5,0
 11.7, 43.5,0
12, 43.5,0
 13.8, 43.5,0
 14.1, 43.5,0
 14.4, 43.5,0
 14.7, 43.5,0
15, 43.5,0
 15.3, 43.5,0
 15.6, 43.5,0
 28.5, 43.5,0
 28.8, 43.5,0
 38.1, 43.5,0
 43.2, 43.5,0
 48.3, 43.5,0
 48.6, 43.5,0
 49.8, 43.5,0
 50.1, 43.5,0
 52.2, 43.5,0
 54.3, 43.5,0
 61.2, 43.5,0
 76.2, 43.5,0
 76.5, 43.5,0
 0.3, 43.8,0
 0.6, 43.8,0
6, 43.8,0
 6.3, 43.8,0
 10.8, 43.8,0
 11.1, 43.8,0
 11.7, 43.8,0
12, 43.8,0
 13.2, 43.8,0
 13.5, 43.8,0
 13.8, 43.8,0
 14.1, 43.8,0
 28.8, 43.8,0
 29.1, 43.8,0
 37.5, 43.8,0
 37.8, 43.8,0
 38.1, 43.8,0
 38.4, 43.8,0
 43.2, 43.8,0
48, 43.8,0
 48.3, 43.8,0
 49.8, 43.8,0
 50.1, 43.8,0
 52.2, 43.8,0
54, 43.8,0
 54.3, 43.8,0
 61.2, 43.8,0
 75.9, 43.8,0
 76.2, 43.8,0
0, 44.1,0
 0.3, 44.1,0
6, 44.1,0
 10.2, 44.1,0
 10.5, 44.1,0
 10.8, 44.1,0
12, 44.1,0
 13.2, 44.1,0
 26.7, 44.1,0
27, 44.1,0
 27.3, 44.1,0
 27.6, 44.1,0
 29.1, 44.1,0
 37.5, 44.1,0
 38.4, 44.1,0
 43.2, 44.1,0
 43.5, 44.1,0
48, 44.1,0
 49.5, 44.1,0
 49.8, 44.1,0
 50.1, 44.1,0
 51.9, 44.1,0
 52.2, 44.1,0
54, 44.1,0
 61.2, 44.1,0
 75.6, 44.1,0
 75.9, 44.1,0
 5.4, 44.4,0
 5.7, 44.4,0
6, 44.4,0
 9.9, 44.4,0
 10.2, 44.4,0
 10.5, 44.4,0
 10.8, 44.4,0
12, 44.4,0
 12.6, 44.4,0
 12.9, 44.4,0
 13.2, 44.4,0
 26.4, 44.4,0
 26.7, 44.4,0
 27.6, 44.4,0
 29.1, 44.4,0
 29.4, 44.4,0
 29.7, 44.4,0
30, 44.4,0
 30.3, 44.4,0
 30.6, 44.4,0
 35.7, 44.4,0
36, 44.4,0
 36.3, 44.4,0
 36.6, 44.4,0
 36.9, 44.4,0
 37.2, 44.4,0
 37.5, 44.4,0
 38.4, 44.4,0
 43.5, 44.4,0
48, 44.4,0
 48.3, 44.4,0
 49.2, 44.4,0
 49.5, 44.4,0
 50.1, 44.4,0
 51.9, 44.4,0
54, 44.4,0
 61.2, 44.4,0
 61.5, 44.4,0
 75.3, 44.4,0
 75.6, 44.4,0
 5.4, 44.7,0
 7.8, 44.7,0
 8.1, 44.7,0
 8.4, 44.7,0
 9.6, 44.7,0
 9.9, 44.7,0
 10.5, 44.7,0
 10.8, 44.7,0
 11.1, 44.7,0
12, 44.7,0
 12.3, 44.7,0
 12.6, 44.7,0
 26.1, 44.7,0
 26.4, 44.7,0
 27.6, 44.7,0
 29.1, 44.7,0
 30.6, 44.7,0
 30.9, 44.7,0
 31.2, 44.7,0
 35.1, 44.7,0
 35.4, 44.7,0
 35.7, 44.7,0
 37.5, 44.7,0
 38.4, 44.7,0
 38.7, 44.7,0
39, 44.7,0
 39.3, 44.7,0
 39.6, 44.7,0
 39.9, 44.7,0
 40.2, 44.7,0
 40.5, 44.7,0
 40.8, 44.7,0
 41.1, 44.7,0
 41.4, 44.7,0
 43.5, 44.7,0
 48.3, 44.7,0
 48.6, 44.7,0
 48.9, 44.7,0
 49.2, 44.7,0
 50.1, 44.7,0
 50.4, 44.7,0
 51.6, 44.7,0
 51.9, 44.7,0
 53.7, 44.7,0
54, 44.7,0
 61.5, 44.7,0
 61.8, 44.7,0
75, 44.7,0
 75.3, 44.7,0
 5.4,45,0
 7.5,45,0
 7.8,45,0
 8.1,45,0
 8.4,45,0
 9.6,45,0
 9.9,45,0
 10.2,45,0
 10.5,45,0
 11.1,45,0
 11.4,45,0
 11.7,45,0
12,45,0
 12.3,45,0
 25.5,45,0
 25.8,45,0
 26.1,45,0
 27.6,45,0
 27.9,45,0
 29.1,45,0
 29.4,45,0
 31.2,45,0
 31.5,45,0
 34.5,45,0
 34.8,45,0
 35.1,45,0
 37.5,45,0
 41.4,45,0
 41.7,45,0
 43.5,45,0
 48.3,45,0
 50.4,45,0
 50.7,45,0
 51.6,45,0
 53.7,45,0
 61.8,45,0
 62.1,45,0
 74.4,45,0
 74.7,45,0
75,45,0
 77.7,45,0
78,45,0
 5.4, 45.3,0
 6.6, 45.3,0
 6.9, 45.3,0
 7.2, 45.3,0
 7.5, 45.3,0
 7.8, 45.3,0
 8.1, 45.3,0
 8.4, 45.3,0
 9.6, 45.3,0
 9.9, 45.3,0
 10.2, 45.3,0
 10.8, 45.3,0
 11.1, 45.3,0
 11.4, 45.3,0
 12.3, 45.3,0
 25.2, 45.3,0
 25.5, 45.3,0
 27.9, 45.3,0
 28.2, 45.3,0
 29.4, 45.3,0
 29.7, 45.3,0
 31.5, 45.3,0
 34.2, 45.3,0
 34.5, 45.3,0
 37.5, 45.3,0
 41.7, 45.3,0
42, 45.3,0
 43.5, 45.3,0
 48.3, 45.3,0
 50.7, 45.3,0
51, 45.3,0
 51.3, 45.3,0
 51.6, 45.3,0
 53.7, 45.3,0
 62.1, 45.3,0
 62.4, 45.3,0
 62.7, 45.3,0
63, 45.3,0
 74.1, 45.3,0
 74.4, 45.3,0
 77.7, 45.3,0
78, 45.3,0
 5.4, 45.6,0
 5.7, 45.6,0
6, 45.6,0
 6.3, 45.6,0
 6.6, 45.6,0
 6.9, 45.6,0
 7.2, 45.6,0
 7.5, 45.6,0
 7.8, 45.6,0
 8.1, 45.6,0
 8.4, 45.6,0
9, 45.6,0
 9.3, 45.6,0
 9.6, 45.6,0
 9.9, 45.6,0
 10.2, 45.6,0
 10.5, 45.6,0
 10.8, 45.6,0
 11.4, 45.6,0
 12.3, 45.6,0
 24.6, 45.6,0
 24.9, 45.6,0
 25.2, 45.6,0
 28.2, 45.6,0
 29.7, 45.6,0
 31.5, 45.6,0
 31.8, 45.6,0
 32.1, 45.6,0
 34.2, 45.6,0
 34.5, 45.6,0
 36.6, 45.6,0
 36.9, 45.6,0
 37.2, 45.6,0
 37.5, 45.6,0
42, 45.6,0
 42.3, 45.6,0
 43.5, 45.6,0
48, 45.6,0
 48.3, 45.6,0
 51.3, 45.6,0
 51.6, 45.6,0
 53.4, 45.6,0
 53.7, 45.6,0
63, 45.6,0
 63.3, 45.6,0
 73.8, 45.6,0
 74.1, 45.6,0
 77.7, 45.6,0
78, 45.6,0
 6.6, 45.9,0
 6.9, 45.9,0
 7.2, 45.9,0
 7.5, 45.9,0
 7.8, 45.9,0
 8.1, 45.9,0
 8.4, 45.9,0
 8.7, 45.9,0
9, 45.9,0
 10.2, 45.9,0
 10.5, 45.9,0
 11.4, 45.9,0
 11.7, 45.9,0
12, 45.9,0
 12.3, 45.9,0
24, 45.9,0
 24.3, 45.9,0
 24.6, 45.9,0
 28.2, 45.9,0
 28.5, 45.9,0
 29.1, 45.9,0
 29.4, 45.9,0
 29.7, 45.9,0
 31.8, 45.9,0
 32.1, 45.9,0
 34.2, 45.9,0
 35.1, 45.9,0
 35.4, 45.9,0
 36.6, 45.9,0
 36.9, 45.9,0
 37.2, 45.9,0
 42.3, 45.9,0
 42.6, 45.9,0
 43.5, 45.9,0
 43.8, 45.9,0
48, 45.9,0
 48.3, 45.9,0
 53.4, 45.9,0
 62.7, 45.9,0
63, 45.9,0
 63.3, 45.9,0
 73.8, 45.9,0
 77.7, 45.9,0
78, 45.9,0
 6.6, 46.2,0
 6.9, 46.2,0
 7.2, 46.2,0
 7.5, 46.2,0
 7.8, 46.2,0
 8.4, 46.2,0
9, 46.2,0
 9.3, 46.2,0
 10.2, 46.2,0
 10.5, 46.2,0
 10.8, 46.2,0
 11.1, 46.2,0
 11.4, 46.2,0
 11.7, 46.2,0
 23.1, 46.2,0
 23.4, 46.2,0
 23.7, 46.2,0
24, 46.2,0
 28.5, 46.2,0
 28.8, 46.2,0
 29.1, 46.2,0
 31.8, 46.2,0
 33.9, 46.2,0
 34.2, 46.2,0
 34.8, 46.2,0
 35.1, 46.2,0
 35.4, 46.2,0
 35.7, 46.2,0
36, 46.2,0
 36.3, 46.2,0
 36.6, 46.2,0
 36.9, 46.2,0
 37.2, 46.2,0
 42.6, 46.2,0
 43.8, 46.2,0
 48.3, 46.2,0
 53.4, 46.2,0
 62.4, 46.2,0
 62.7, 46.2,0
 63.3, 46.2,0
 73.5, 46.2,0
 73.8, 46.2,0
 6.6, 46.5,0
 7.8, 46.5,0
 8.4, 46.5,0
 9.3, 46.5,0
 9.6, 46.5,0
 10.2, 46.5,0
 10.5, 46.5,0
 11.7, 46.5,0
21, 46.5,0
 21.3, 46.5,0
 21.6, 46.5,0
 21.9, 46.5,0
 22.2, 46.5,0
 22.5, 46.5,0
 22.8, 46.5,0
 23.1, 46.5,0
 29.1, 46.5,0
 31.8, 46.5,0
 33.9, 46.5,0
 34.2, 46.5,0
 34.5, 46.5,0
 34.8, 46.5,0
 36.9, 46.5,0
 37.2, 46.5,0
 42.6, 46.5,0
 42.9, 46.5,0
 43.8, 46.5,0
48, 46.5,0
 48.3, 46.5,0
 53.1, 46.5,0
 53.4, 46.5,0
 60.3, 46.5,0
 60.6, 46.5,0
 60.9, 46.5,0
 61.2, 46.5,0
 61.5, 46.5,0
 61.8, 46.5,0
 62.1, 46.5,0
 62.4, 46.5,0
 63.3, 46.5,0
 63.6, 46.5,0
 73.2, 46.5,0
 73.5, 46.5,0
 6.3, 46.8,0
 6.6, 46.8,0
 7.8, 46.8,0
 8.4, 46.8,0
 9.6, 46.8,0
 9.9, 46.8,0
 10.2, 46.8,0
 11.7, 46.8,0
 20.7, 46.8,0
21, 46.8,0
 22.8, 46.8,0
 29.1, 46.8,0
 29.4, 46.8,0
 31.8, 46.8,0
 33.9, 46.8,0
 34.8, 46.8,0
 36.9, 46.8,0
 42.9, 46.8,0
 43.2, 46.8,0
 43.8, 46.8,0
48, 46.8,0
51, 46.8,0
 51.3, 46.8,0
 51.6, 46.8,0
 51.9, 46.8,0
 52.2, 46.8,0
 53.1, 46.8,0
 59.7, 46.8,0
60, 46.8,0
 60.3, 46.8,0
 62.1, 46.8,0
 62.4, 46.8,0
 63.6, 46.8,0
 70.2, 46.8,0
 70.5, 46.8,0
 70.8, 46.8,0
 71.1, 46.8,0
 71.4, 46.8,0
 72.9, 46.8,0
 73.2, 46.8,0
 5.4, 47.1,0
 5.7, 47.1,0
6, 47.1,0
 6.3, 47.1,0
 7.8, 47.1,0
 8.4, 47.1,0
 8.7, 47.1,0
 10.2, 47.1,0
 10.5, 47.1,0
 10.8, 47.1,0
 11.7, 47.1,0
 20.4, 47.1,0
 20.7, 47.1,0
 22.8, 47.1,0
 29.4, 47.1,0
 29.7, 47.1,0
 31.8, 47.1,0
 33.6, 47.1,0
 33.9, 47.1,0
 34.2, 47.1,0
 34.5, 47.1,0
 34.8, 47.1,0
 35.1, 47.1,0
 36.3, 47.1,0
 36.6, 47.1,0
 36.9, 47.1,0
 43.2, 47.1,0
 43.5, 47.1,0
 43.8, 47.1,0
 47.7, 47.1,0
48, 47.1,0
 50.7, 47.1,0
51, 47.1,0
 52.2, 47.1,0
 52.5, 47.1,0
 52.8, 47.1,0
 53.1, 47.1,0
 59.4, 47.1,0
 59.7, 47.1,0
 62.4, 47.1,0
 62.7, 47.1,0
63, 47.1,0
 63.3, 47.1,0
 63.6, 47.1,0
 63.9, 47.1,0
 69.6, 47.1,0
 69.9, 47.1,0
 70.2, 47.1,0
 71.4, 47.1,0
 71.7, 47.1,0
 72.3, 47.1,0
 72.6, 47.1,0
 72.9, 47.1,0
 5.1, 47.4,0
 5.4, 47.4,0
 7.8, 47.4,0
 8.1, 47.4,0
 8.4, 47.4,0
 8.7, 47.4,0
9, 47.4,0
 10.8, 47.4,0
 11.4, 47.4,0
 11.7, 47.4,0
 20.1, 47.4,0
 20.4, 47.4,0
 22.5, 47.4,0
 22.8, 47.4,0
 29.7, 47.4,0
30, 47.4,0
 30.9, 47.4,0
 31.2, 47.4,0
 31.5, 47.4,0
 31.8, 47.4,0
 33.3, 47.4,0
 33.6, 47.4,0
 33.9, 47.4,0
 34.8, 47.4,0
 35.1, 47.4,0
 35.4, 47.4,0
 35.7, 47.4,0
36, 47.4,0
 36.3, 47.4,0
 36.6, 47.4,0
 36.9, 47.4,0
 43.5, 47.4,0
 43.8, 47.4,0
 46.2, 47.4,0
 46.5, 47.4,0
 46.8, 47.4,0
 47.1, 47.4,0
 47.7, 47.4,0
 50.4, 47.4,0
 50.7, 47.4,0
 59.1, 47.4,0
 59.4, 47.4,0
 62.7, 47.4,0
63, 47.4,0
 63.9, 47.4,0
 64.2, 47.4,0
69, 47.4,0
 69.3, 47.4,0
 69.6, 47.4,0
 71.7, 47.4,0
72, 47.4,0
 72.3, 47.4,0
 4.8, 47.7,0
 5.1, 47.7,0
 7.8, 47.7,0
9, 47.7,0
 10.8, 47.7,0
 11.1, 47.7,0
 11.4, 47.7,0
 19.8, 47.7,0
 20.1, 47.7,0
 22.5, 47.7,0
30, 47.7,0
 30.3, 47.7,0
 30.6, 47.7,0
 30.9, 47.7,0
 31.8, 47.7,0
 32.1, 47.7,0
 32.4, 47.7,0
 32.7, 47.7,0
33, 47.7,0
 33.3, 47.7,0
 33.9, 47.7,0
 35.7, 47.7,0
36, 47.7,0
 36.9, 47.7,0
 37.2, 47.7,0
 37.5, 47.7,0
 37.8, 47.7,0
 43.5, 47.7,0
 43.8, 47.7,0
 45.3, 47.7,0
 45.6, 47.7,0
 45.9, 47.7,0
 46.2, 47.7,0
 47.1, 47.7,0
 47.4, 47.7,0
 47.7, 47.7,0
 50.4, 47.7,0
 58.5, 47.7,0
 58.8, 47.7,0
 59.1, 47.7,0
 64.2, 47.7,0
 64.5, 47.7,0
 68.7, 47.7,0
69, 47.7,0
 71.7, 47.7,0
72, 47.7,0
 4.8,48,0
 7.8,48,0
9,48,0
 19.5,48,0
 19.8,48,0
 22.2,48,0
 22.5,48,0
 32.4,48,0
33,48,0
 33.3,48,0
 33.6,48,0
 33.9,48,0
 34.2,48,0
 35.7,48,0
36,48,0
 37.8,48,0
 43.2,48,0
 43.5,48,0
 43.8,48,0
 44.1,48,0
 44.4,48,0
 44.7,48,0
45,48,0
 45.3,48,0
 45.6,48,0
 45.9,48,0
 47.4,48,0
 50.4,48,0
 57.6,48,0
 57.9,48,0
 58.2,48,0
 58.5,48,0
 64.5,48,0
 68.1,48,0
 68.4,48,0
 68.7,48,0
 71.7,48,0
 4.5, 48.3,0
 4.8, 48.3,0
 7.8, 48.3,0
 8.7, 48.3,0
9, 48.3,0
 9.3, 48.3,0
 9.6, 48.3,0
 15.9, 48.3,0
 16.2, 48.3,0
 16.5, 48.3,0
 16.8, 48.3,0
 19.2, 48.3,0
 19.5, 48.3,0
 22.2, 48.3,0
 32.4, 48.3,0
 32.7, 48.3,0
33, 48.3,0
 34.2, 48.3,0
 35.7, 48.3,0
36, 48.3,0
 36.3, 48.3,0
 37.8, 48.3,0
 42.9, 48.3,0
 43.2, 48.3,0
 44.7, 48.3,0
45, 48.3,0
 47.4, 48.3,0
 50.4, 48.3,0
 52.8, 48.3,0
 53.1, 48.3,0
 53.4, 48.3,0
 57.3, 48.3,0
 57.6, 48.3,0
 64.5, 48.3,0
 67.5, 48.3,0
 67.8, 48.3,0
 68.1, 48.3,0
 71.4, 48.3,0
 71.7, 48.3,0
 4.5, 48.6,0
 7.5, 48.6,0
 7.8, 48.6,0
 8.4, 48.6,0
 8.7, 48.6,0
 9.6, 48.6,0
 15.3, 48.6,0
 15.6, 48.6,0
 15.9, 48.6,0
 16.8, 48.6,0
 17.1, 48.6,0
 18.9, 48.6,0
 19.2, 48.6,0
 21.9, 48.6,0
 22.2, 48.6,0
 22.5, 48.6,0
 32.4, 48.6,0
 32.7, 48.6,0
 34.2, 48.6,0
 34.5, 48.6,0
 34.8, 48.6,0
 35.1, 48.6,0
 35.4, 48.6,0
 35.7, 48.6,0
 36.3, 48.6,0
 36.6, 48.6,0
 37.8, 48.6,0
 38.1, 48.6,0
 42.6, 48.6,0
 42.9, 48.6,0
45, 48.6,0
 47.4, 48.6,0
 50.4, 48.6,0
 52.8, 48.6,0
 53.4, 48.6,0
57, 48.6,0
 57.3, 48.6,0
 64.5, 48.6,0
 67.5, 48.6,0
 71.1, 48.6,0
 71.4, 48.6,0
 4.5, 48.9,0
 7.5, 48.9,0
 8.4, 48.9,0
 9.6, 48.9,0
15, 48.9,0
 15.3, 48.9,0
 17.1, 48.9,0
 17.4, 48.9,0
 17.7, 48.9,0
 18.9, 48.9,0
 21.3, 48.9,0
 21.6, 48.9,0
 21.9, 48.9,0
 22.5, 48.9,0
 22.8, 48.9,0
 32.7, 48.9,0
 34.5, 48.9,0
 35.4, 48.9,0
 35.7, 48.9,0
 36.6, 48.9,0
 36.9, 48.9,0
 38.1, 48.9,0
 42.3, 48.9,0
 42.6, 48.9,0
45, 48.9,0
 47.4, 48.9,0
 50.4, 48.9,0
 52.5, 48.9,0
 52.8, 48.9,0
 53.4, 48.9,0
 53.7, 48.9,0
 56.7, 48.9,0
57, 48.9,0
 60.3, 48.9,0
 60.6, 48.9,0
 60.9, 48.9,0
 64.2, 48.9,0
 64.5, 48.9,0
 67.5, 48.9,0
 70.8, 48.9,0
 71.1, 48.9,0
 4.5, 49.2,0
 7.2, 49.2,0
 7.5, 49.2,0
 8.4, 49.2,0
 9.6, 49.2,0
15, 49.2,0
 17.7, 49.2,0
18, 49.2,0
 18.3, 49.2,0
 18.6, 49.2,0
 18.9, 49.2,0
 21.3, 49.2,0
 22.8, 49.2,0
 23.1, 49.2,0
 23.4, 49.2,0
 23.7, 49.2,0
 32.7, 49.2,0
 34.5, 49.2,0
 35.4, 49.2,0
 35.7, 49.2,0
 36.9, 49.2,0
 37.2, 49.2,0
 38.1, 49.2,0
42, 49.2,0
 42.3, 49.2,0
45, 49.2,0
 47.4, 49.2,0
 50.4, 49.2,0
 52.5, 49.2,0
 53.7, 49.2,0
 56.4, 49.2,0
 56.7, 49.2,0
60, 49.2,0
 60.3, 49.2,0
 60.9, 49.2,0
 61.2, 49.2,0
 64.2, 49.2,0
 67.5, 49.2,0
 67.8, 49.2,0
 68.1, 49.2,0
 70.5, 49.2,0
 70.8, 49.2,0
 4.5, 49.5,0
 7.2, 49.5,0
 8.1, 49.5,0
 8.4, 49.5,0
 9.6, 49.5,0
 14.7, 49.5,0
15, 49.5,0
 18.6, 49.5,0
 21.3, 49.5,0
 23.7, 49.5,0
24, 49.5,0
 24.3, 49.5,0
 32.7, 49.5,0
 34.5, 49.5,0
 37.2, 49.5,0
 37.5, 49.5,0
 37.8, 49.5,0
 38.1, 49.5,0
 38.4, 49.5,0
 41.7, 49.5,0
42, 49.5,0
45, 49.5,0
 45.3, 49.5,0
 47.4, 49.5,0
 50.1, 49.5,0
 50.4, 49.5,0
 52.5, 49.5,0
 53.7, 49.5,0
 56.4, 49.5,0
60, 49.5,0
 61.2, 49.5,0
 61.5, 49.5,0
 63.9, 49.5,0
 64.2, 49.5,0
 68.1, 49.5,0
 68.4, 49.5,0
 68.7, 49.5,0
 69.9, 49.5,0
 70.2, 49.5,0
 70.5, 49.5,0
 4.5, 49.8,0
 6.9, 49.8,0
 7.2, 49.8,0
 8.1, 49.8,0
 9.6, 49.8,0
 14.7, 49.8,0
 18.6, 49.8,0
21, 49.8,0
 21.3, 49.8,0
 24.3, 49.8,0
 24.6, 49.8,0
 32.7, 49.8,0
 34.5, 49.8,0
 37.2, 49.8,0
 37.5, 49.8,0
 38.1, 49.8,0
 38.4, 49.8,0
 38.7, 49.8,0
39, 49.8,0
 39.3, 49.8,0
 39.6, 49.8,0
 40.5, 49.8,0
 40.8, 49.8,0
 41.1, 49.8,0
 41.4, 49.8,0
 41.7, 49.8,0
 45.3, 49.8,0
 45.6, 49.8,0
 47.4, 49.8,0
 50.1, 49.8,0
 52.5, 49.8,0
 53.7, 49.8,0
 56.1, 49.8,0
 56.4, 49.8,0
60, 49.8,0
 61.5, 49.8,0
 63.6, 49.8,0
 63.9, 49.8,0
 67.5, 49.8,0
 67.8, 49.8,0
 68.1, 49.8,0
 68.4, 49.8,0
 68.7, 49.8,0
69, 49.8,0
 69.6, 49.8,0
 69.9, 49.8,0
 4.5, 50.1,0
 6.6, 50.1,0
 6.9, 50.1,0
 7.8, 50.1,0
 8.1, 50.1,0
 9.6, 50.1,0
 14.4, 50.1,0
 14.7, 50.1,0
 18.6, 50.1,0
21, 50.1,0
 21.3, 50.1,0
 21.6, 50.1,0
 21.9, 50.1,0
 22.2, 50.1,0
 22.5, 50.1,0
 22.8, 50.1,0
 23.1, 50.1,0
 23.4, 50.1,0
 23.7, 50.1,0
24, 50.1,0
 24.3, 50.1,0
 24.6, 50.1,0
 32.4, 50.1,0
 32.7, 50.1,0
 34.2, 50.1,0
 34.5, 50.1,0
 34.8, 50.1,0
 35.1, 50.1,0
 35.4, 50.1,0
 35.7, 50.1,0
 37.2, 50.1,0
 37.5, 50.1,0
 37.8, 50.1,0
 38.1, 50.1,0
 38.7, 50.1,0
39, 50.1,0
 39.6, 50.1,0
 39.9, 50.1,0
 40.2, 50.1,0
 40.5, 50.1,0
 40.8, 50.1,0
 45.6, 50.1,0
 47.1, 50.1,0
 47.4, 50.1,0
 47.7, 50.1,0
 49.8, 50.1,0
 50.1, 50.1,0
 52.5, 50.1,0
 53.7, 50.1,0
54, 50.1,0
 56.1, 50.1,0
60, 50.1,0
 60.3, 50.1,0
 61.5, 50.1,0
 61.8, 50.1,0
 62.1, 50.1,0
 62.4, 50.1,0
 63.3, 50.1,0
 63.6, 50.1,0
 66.9, 50.1,0
 67.2, 50.1,0
 67.5, 50.1,0
 68.4, 50.1,0
 68.7, 50.1,0
69, 50.1,0
 69.3, 50.1,0
 69.6, 50.1,0
 4.5, 50.4,0
 6.6, 50.4,0
 7.8, 50.4,0
 9.6, 50.4,0
 14.4, 50.4,0
 18.6, 50.4,0
 18.9, 50.4,0
 20.7, 50.4,0
21, 50.4,0
 22.2, 50.4,0
 22.5, 50.4,0
 32.1, 50.4,0
 32.4, 50.4,0
 32.7, 50.4,0
33, 50.4,0
 34.2, 50.4,0
 34.5, 50.4,0
 35.7, 50.4,0
36, 50.4,0
 37.2, 50.4,0
 45.6, 50.4,0
 45.9, 50.4,0
 47.1, 50.4,0
 47.7, 50.4,0
 49.2, 50.4,0
 49.5, 50.4,0
 49.8, 50.4,0
 50.1, 50.4,0
 50.4, 50.4,0
 52.2, 50.4,0
 52.5, 50.4,0
54, 50.4,0
 56.1, 50.4,0
 60.3, 50.4,0
 60.6, 50.4,0
 61.2, 50.4,0
 61.5, 50.4,0
 62.4, 50.4,0
 62.7, 50.4,0
63, 50.4,0
 63.3, 50.4,0
 66.6, 50.4,0
 66.9, 50.4,0
 68.7, 50.4,0
69, 50.4,0
 69.3, 50.4,0
 4.5, 50.7,0
 5.7, 50.7,0
6, 50.7,0
 6.3, 50.7,0
 6.6, 50.7,0
 7.5, 50.7,0
 7.8, 50.7,0
 9.6, 50.7,0
 14.4, 50.7,0
 18.9, 50.7,0
 20.4, 50.7,0
 20.7, 50.7,0
 32.1, 50.7,0
33, 50.7,0
 33.3, 50.7,0
 34.5, 50.7,0
36, 50.7,0
 36.3, 50.7,0
 36.6, 50.7,0
 36.9, 50.7,0
 37.2, 50.7,0
 45.9, 50.7,0
 46.5, 50.7,0
 46.8, 50.7,0
 47.1, 50.7,0
 47.4, 50.7,0
 47.7, 50.7,0
48, 50.7,0
 48.3, 50.7,0
 48.6, 50.7,0
 48.9, 50.7,0
 49.2, 50.7,0
 50.4, 50.7,0
 50.7, 50.7,0
51, 50.7,0
 51.6, 50.7,0
 51.9, 50.7,0
 52.2, 50.7,0
 52.5, 50.7,0
 52.8, 50.7,0
 53.1, 50.7,0
 53.4, 50.7,0
54, 50.7,0
 56.1, 50.7,0
 60.6, 50.7,0
 60.9, 50.7,0
 61.2, 50.7,0
 63.3, 50.7,0
 66.3, 50.7,0
 66.6, 50.7,0
69, 50.7,0
 4.5,51,0
 5.4,51,0
 5.7,51,0
 6.3,51,0
 7.5,51,0
 9.3,51,0
 9.6,51,0
 14.1,51,0
 14.4,51,0
 18.9,51,0
 19.2,51,0
 20.4,51,0
 32.1,51,0
 33.3,51,0
 33.6,51,0
 34.5,51,0
36,51,0
 36.3,51,0
 45.9,51,0
 46.2,51,0
 46.5,51,0
 48.6,51,0
 48.9,51,0
51,51,0
 51.3,51,0
 51.6,51,0
 52.2,51,0
 52.5,51,0
 52.8,51,0
 53.4,51,0
 53.7,51,0
54,51,0
 56.1,51,0
 60.3,51,0
 60.6,51,0
 63.3,51,0
 65.7,51,0
66,51,0
 66.3,51,0
 68.7,51,0
69,51,0
 4.2, 51.3,0
 4.5, 51.3,0
 5.1, 51.3,0
 5.4, 51.3,0
 6.3, 51.3,0
 6.6, 51.3,0
 7.2, 51.3,0
 7.5, 51.3,0
9, 51.3,0
 9.3, 51.3,0
 9.6, 51.3,0
 13.8, 51.3,0
 14.1, 51.3,0
 19.2, 51.3,0
 19.5, 51.3,0
 20.1, 51.3,0
 20.4, 51.3,0
 32.1, 51.3,0
 33.3, 51.3,0
 33.6, 51.3,0
 34.5, 51.3,0
36, 51.3,0
 45.6, 51.3,0
 45.9, 51.3,0
51, 51.3,0
 51.3, 51.3,0
 52.2, 51.3,0
 52.5, 51.3,0
 52.8, 51.3,0
 53.1, 51.3,0
 53.4, 51.3,0
 53.7, 51.3,0
54, 51.3,0
 54.3, 51.3,0
 55.2, 51.3,0
 55.5, 51.3,0
 55.8, 51.3,0
 56.1, 51.3,0
 59.7, 51.3,0
60, 51.3,0
 60.3, 51.3,0
 63.3, 51.3,0
 65.1, 51.3,0
 65.4, 51.3,0
 65.7, 51.3,0
 68.4, 51.3,0
 68.7, 51.3,0
 4.2, 51.6,0
 4.5, 51.6,0
 5.1, 51.6,0
 6.6, 51.6,0
 6.9, 51.6,0
 7.2, 51.6,0
9, 51.6,0
 9.6, 51.6,0
 13.5, 51.6,0
 13.8, 51.6,0
 19.5, 51.6,0
 19.8, 51.6,0
 20.1, 51.6,0
 32.1, 51.6,0
 32.4, 51.6,0
 33.3, 51.6,0
 33.6, 51.6,0
 33.9, 51.6,0
 34.2, 51.6,0
 34.5, 51.6,0
 35.7, 51.6,0
36, 51.6,0
 45.3, 51.6,0
 45.6, 51.6,0
 52.2, 51.6,0
 52.8, 51.6,0
 53.1, 51.6,0
 53.7, 51.6,0
54, 51.6,0
 54.3, 51.6,0
 54.6, 51.6,0
 54.9, 51.6,0
 55.2, 51.6,0
 56.1, 51.6,0
 56.4, 51.6,0
 56.7, 51.6,0
 59.4, 51.6,0
 59.7, 51.6,0
 63.3, 51.6,0
 64.2, 51.6,0
 64.5, 51.6,0
 65.1, 51.6,0
 68.4, 51.6,0
 4.2, 51.9,0
 4.5, 51.9,0
 5.1, 51.9,0
 6.6, 51.9,0
 6.9, 51.9,0
 8.4, 51.9,0
 8.7, 51.9,0
9, 51.9,0
 9.6, 51.9,0
 9.9, 51.9,0
 13.2, 51.9,0
 13.5, 51.9,0
 19.8, 51.9,0
 20.1, 51.9,0
 32.1, 51.9,0
 32.4, 51.9,0
 33.3, 51.9,0
 33.6, 51.9,0
 33.9, 51.9,0
 34.2, 51.9,0
 34.5, 51.9,0
 35.4, 51.9,0
 35.7, 51.9,0
 41.7, 51.9,0
42, 51.9,0
 42.3, 51.9,0
 44.7, 51.9,0
45, 51.9,0
 45.3, 51.9,0
 51.9, 51.9,0
 52.2, 51.9,0
54, 51.9,0
 54.3, 51.9,0
 55.2, 51.9,0
 56.7, 51.9,0
 59.1, 51.9,0
 59.4, 51.9,0
63, 51.9,0
 63.3, 51.9,0
 63.6, 51.9,0
 63.9, 51.9,0
 64.2, 51.9,0
 64.5, 51.9,0
 64.8, 51.9,0
 65.1, 51.9,0
 68.4, 51.9,0
 4.2, 52.2,0
 5.1, 52.2,0
 8.1, 52.2,0
 8.4, 52.2,0
 9.9, 52.2,0
 10.2, 52.2,0
 12.6, 52.2,0
 12.9, 52.2,0
 13.2, 52.2,0
 19.8, 52.2,0
 20.1, 52.2,0
 20.4, 52.2,0
 32.1, 52.2,0
 32.4, 52.2,0
 34.5, 52.2,0
 35.1, 52.2,0
 35.4, 52.2,0
 41.7, 52.2,0
 42.3, 52.2,0
 44.4, 52.2,0
 44.7, 52.2,0
 51.9, 52.2,0
54, 52.2,0
 55.2, 52.2,0
 55.5, 52.2,0
 56.7, 52.2,0
 58.8, 52.2,0
 59.1, 52.2,0
 62.4, 52.2,0
 62.7, 52.2,0
63, 52.2,0
 65.1, 52.2,0
 67.8, 52.2,0
 68.1, 52.2,0
 68.4, 52.2,0
 3.9, 52.5,0
 4.2, 52.5,0
 5.1, 52.5,0
 7.8, 52.5,0
 8.1, 52.5,0
 10.2, 52.5,0
 12.6, 52.5,0
 19.5, 52.5,0
 19.8, 52.5,0
 20.4, 52.5,0
 20.7, 52.5,0
 32.1, 52.5,0
 32.4, 52.5,0
 32.7, 52.5,0
33, 52.5,0
 34.5, 52.5,0
 34.8, 52.5,0
 35.1, 52.5,0
 41.7, 52.5,0
42, 52.5,0
 42.3, 52.5,0
 44.1, 52.5,0
 44.4, 52.5,0
 51.9, 52.5,0
54, 52.5,0
 55.5, 52.5,0
 56.7, 52.5,0
57, 52.5,0
 57.3, 52.5,0
 57.6, 52.5,0
 57.9, 52.5,0
 58.2, 52.5,0
 58.5, 52.5,0
 58.8, 52.5,0
 62.1, 52.5,0
 62.4, 52.5,0
 65.1, 52.5,0
 67.5, 52.5,0
 67.8, 52.5,0
0, 52.8,0
 0.3, 52.8,0
 0.6, 52.8,0
 3.9, 52.8,0
 5.1, 52.8,0
 5.4, 52.8,0
 7.5, 52.8,0
 7.8, 52.8,0
 10.2, 52.8,0
 12.3, 52.8,0
 12.6, 52.8,0
 19.2, 52.8,0
 19.5, 52.8,0
 20.7, 52.8,0
21, 52.8,0
 31.5, 52.8,0
 31.8, 52.8,0
 32.1, 52.8,0
 32.4, 52.8,0
 32.7, 52.8,0
33, 52.8,0
 34.2, 52.8,0
 34.5, 52.8,0
 34.8, 52.8,0
 43.8, 52.8,0
 44.1, 52.8,0
 44.4, 52.8,0
 51.6, 52.8,0
 51.9, 52.8,0
 53.7, 52.8,0
54, 52.8,0
 55.5, 52.8,0
 55.8, 52.8,0
 56.1, 52.8,0
 56.7, 52.8,0
57, 52.8,0
 57.6, 52.8,0
 57.9, 52.8,0
 58.8, 52.8,0
 61.8, 52.8,0
 62.1, 52.8,0
 65.1, 52.8,0
 67.2, 52.8,0
 67.5, 52.8,0
 0.6, 53.1,0
 0.9, 53.1,0
 3.6, 53.1,0
 3.9, 53.1,0
 5.4, 53.1,0
 5.7, 53.1,0
 7.2, 53.1,0
 7.5, 53.1,0
 10.2, 53.1,0
 10.5, 53.1,0
 12.3, 53.1,0
 19.2, 53.1,0
21, 53.1,0
 21.3, 53.1,0
 21.6, 53.1,0
 31.2, 53.1,0
 31.5, 53.1,0
 32.4, 53.1,0
33, 53.1,0
 33.9, 53.1,0
 34.2, 53.1,0
 34.8, 53.1,0
 35.1, 53.1,0
 43.2, 53.1,0
 43.5, 53.1,0
 43.8, 53.1,0
 44.1, 53.1,0
 51.3, 53.1,0
 51.6, 53.1,0
 53.7, 53.1,0
 55.8, 53.1,0
 56.1, 53.1,0
 56.4, 53.1,0
 56.7, 53.1,0
57, 53.1,0
 57.3, 53.1,0
 57.6, 53.1,0
 58.8, 53.1,0
 60.9, 53.1,0
 61.2, 53.1,0
 61.5, 53.1,0
 61.8, 53.1,0
 65.1, 53.1,0
 66.9, 53.1,0
 67.2, 53.1,0
 0.9, 53.4,0
 1.2, 53.4,0
 1.5, 53.4,0
 3.6, 53.4,0
 5.7, 53.4,0
6, 53.4,0
 6.9, 53.4,0
 7.2, 53.4,0
 10.5, 53.4,0
12, 53.4,0
 12.3, 53.4,0
 18.6, 53.4,0
 18.9, 53.4,0
 19.2, 53.4,0
 21.3, 53.4,0
 21.6, 53.4,0
 21.9, 53.4,0
 22.2, 53.4,0
 22.5, 53.4,0
 30.9, 53.4,0
 31.2, 53.4,0
 32.4, 53.4,0
 32.7, 53.4,0
33, 53.4,0
 33.9, 53.4,0
 35.1, 53.4,0
 35.4, 53.4,0
 43.2, 53.4,0
51, 53.4,0
 51.3, 53.4,0
 53.1, 53.4,0
 53.4, 53.4,0
 53.7, 53.4,0
 57.3, 53.4,0
 58.8, 53.4,0
 59.1, 53.4,0
60, 53.4,0
 60.3, 53.4,0
 60.6, 53.4,0
 60.9, 53.4,0
 65.1, 53.4,0
 65.4, 53.4,0
 66.6, 53.4,0
 66.9, 53.4,0
 1.5, 53.7,0
 1.8, 53.7,0
 2.1, 53.7,0
 3.6, 53.7,0
6, 53.7,0
 6.3, 53.7,0
 6.6, 53.7,0
 6.9, 53.7,0
 10.5, 53.7,0
 10.8, 53.7,0
12, 53.7,0
 18.6, 53.7,0
21, 53.7,0
 21.3, 53.7,0
 22.5, 53.7,0
 22.8, 53.7,0
 30.6, 53.7,0
 30.9, 53.7,0
 32.7, 53.7,0
33, 53.7,0
 33.6, 53.7,0
 33.9, 53.7,0
 35.4, 53.7,0
 35.7, 53.7,0
 42.9, 53.7,0
 43.2, 53.7,0
 50.7, 53.7,0
51, 53.7,0
 52.8, 53.7,0
 53.1, 53.7,0
57, 53.7,0
 57.3, 53.7,0
 58.8, 53.7,0
 59.1, 53.7,0
 59.4, 53.7,0
 59.7, 53.7,0
60, 53.7,0
 65.4, 53.7,0
 66.3, 53.7,0
 66.6, 53.7,0
 2.1,54,0
 2.4,54,0
 2.7,54,0
3,54,0
 3.3,54,0
 3.6,54,0
 6.3,54,0
 10.8,54,0
 11.1,54,0
 11.4,54,0
 11.7,54,0
12,54,0
 18.3,54,0
 18.6,54,0
21,54,0
 22.8,54,0
 30.3,54,0
 30.6,54,0
 32.4,54,0
 32.7,54,0
33,54,0
 33.3,54,0
 33.6,54,0
 35.7,54,0
 42.9,54,0
 43.2,54,0
 50.4,54,0
 50.7,54,0
 52.2,54,0
 52.5,54,0
 52.8,54,0
 53.1,54,0
 56.7,54,0
57,54,0
 57.3,54,0
 58.5,54,0
 58.8,54,0
 59.4,54,0
 65.4,54,0
 65.7,54,0
66,54,0
 66.3,54,0
 3.3, 54.3,0
 3.6, 54.3,0
 6.3, 54.3,0
 10.8, 54.3,0
 11.1, 54.3,0
 11.4, 54.3,0
12, 54.3,0
 12.3, 54.3,0
 18.3, 54.3,0
21, 54.3,0
 22.8, 54.3,0
 23.4, 54.3,0
 23.7, 54.3,0
24, 54.3,0
 24.3, 54.3,0
 24.6, 54.3,0
 24.9, 54.3,0
 29.7, 54.3,0
30, 54.3,0
 30.3, 54.3,0
 32.4, 54.3,0
 33.3, 54.3,0
 35.7, 54.3,0
 38.7, 54.3,0
39, 54.3,0
 39.3, 54.3,0
 39.6, 54.3,0
 39.9, 54.3,0
42, 54.3,0
 42.3, 54.3,0
 42.6, 54.3,0
 42.9, 54.3,0
 43.2, 54.3,0
 49.8, 54.3,0
 50.1, 54.3,0
 50.4, 54.3,0
 51.9, 54.3,0
 52.2, 54.3,0
 56.7, 54.3,0
57, 54.3,0
 58.2, 54.3,0
 58.5, 54.3,0
 59.4, 54.3,0
 65.4, 54.3,0
 65.7, 54.3,0
 3.6, 54.6,0
6, 54.6,0
 6.3, 54.6,0
 10.8, 54.6,0
 11.4, 54.6,0
 11.7, 54.6,0
 12.3, 54.6,0
18, 54.6,0
 18.3, 54.6,0
 18.6, 54.6,0
21, 54.6,0
 22.8, 54.6,0
 23.1, 54.6,0
 23.4, 54.6,0
 24.9, 54.6,0
 25.2, 54.6,0
 25.5, 54.6,0
 28.8, 54.6,0
 29.1, 54.6,0
 29.4, 54.6,0
 29.7, 54.6,0
 31.8, 54.6,0
 32.1, 54.6,0
 32.4, 54.6,0
 33.3, 54.6,0
 35.7, 54.6,0
 38.4, 54.6,0
 38.7, 54.6,0
 39.9, 54.6,0
 41.4, 54.6,0
 41.7, 54.6,0
42, 54.6,0
 42.3, 54.6,0
 42.6, 54.6,0
 49.8, 54.6,0
 51.9, 54.6,0
 56.4, 54.6,0
 56.7, 54.6,0
 57.9, 54.6,0
 58.2, 54.6,0
 58.5, 54.6,0
 59.4, 54.6,0
 65.1, 54.6,0
 65.4, 54.6,0
 3.6, 54.9,0
6, 54.9,0
 10.8, 54.9,0
 11.7, 54.9,0
 12.3, 54.9,0
 17.7, 54.9,0
18, 54.9,0
 18.6, 54.9,0
21, 54.9,0
 22.8, 54.9,0
 23.4, 54.9,0
 25.5, 54.9,0
 25.8, 54.9,0
 27.9, 54.9,0
 28.2, 54.9,0
 28.5, 54.9,0
 28.8, 54.9,0
 31.8, 54.9,0
 33.3, 54.9,0
 35.7, 54.9,0
 38.1, 54.9,0
 38.4, 54.9,0
 39.9, 54.9,0
 41.1, 54.9,0
 41.4, 54.9,0
 49.2, 54.9,0
 49.5, 54.9,0
 49.8, 54.9,0
 51.6, 54.9,0
 51.9, 54.9,0
 56.4, 54.9,0
 57.6, 54.9,0
 57.9, 54.9,0
 59.4, 54.9,0
 59.7, 54.9,0
 64.5, 54.9,0
 64.8, 54.9,0
 65.1, 54.9,0
 3.6, 55.2,0
 3.9, 55.2,0
 5.7, 55.2,0
6, 55.2,0
 10.5, 55.2,0
 10.8, 55.2,0
 11.7, 55.2,0
 12.3, 55.2,0
 17.4, 55.2,0
 17.7, 55.2,0
 18.6, 55.2,0
 20.7, 55.2,0
21, 55.2,0
 22.5, 55.2,0
 22.8, 55.2,0
 23.4, 55.2,0
 25.8, 55.2,0
 26.1, 55.2,0
 27.6, 55.2,0
 27.9, 55.2,0
 31.5, 55.2,0
 31.8, 55.2,0
 33.3, 55.2,0
 35.7, 55.2,0
36, 55.2,0
 37.8, 55.2,0
 38.1, 55.2,0
 39.9, 55.2,0
 41.1, 55.2,0
 49.2, 55.2,0
 51.3, 55.2,0
 51.6, 55.2,0
 56.4, 55.2,0
 56.7, 55.2,0
57, 55.2,0
 57.3, 55.2,0
 57.6, 55.2,0
 57.9, 55.2,0
 59.7, 55.2,0
60, 55.2,0
 64.5, 55.2,0
 64.8, 55.2,0
 3.9, 55.5,0
 4.2, 55.5,0
 5.7, 55.5,0
 9.6, 55.5,0
 9.9, 55.5,0
 10.2, 55.5,0
 10.5, 55.5,0
 10.8, 55.5,0
 11.4, 55.5,0
 11.7, 55.5,0
12, 55.5,0
 12.3, 55.5,0
 17.1, 55.5,0
 17.4, 55.5,0
 18.6, 55.5,0
 20.4, 55.5,0
 20.7, 55.5,0
 22.5, 55.5,0
 23.4, 55.5,0
 26.1, 55.5,0
 26.4, 55.5,0
27, 55.5,0
 27.3, 55.5,0
 27.6, 55.5,0
 30.6, 55.5,0
 30.9, 55.5,0
 31.2, 55.5,0
 31.5, 55.5,0
 33.3, 55.5,0
36, 55.5,0
 36.3, 55.5,0
 37.8, 55.5,0
 39.9, 55.5,0
 40.8, 55.5,0
 41.1, 55.5,0
 48.9, 55.5,0
 49.2, 55.5,0
51, 55.5,0
 51.3, 55.5,0
 55.8, 55.5,0
 56.1, 55.5,0
 56.4, 55.5,0
 56.7, 55.5,0
57, 55.5,0
 57.3, 55.5,0
60, 55.5,0
 60.3, 55.5,0
 60.6, 55.5,0
 64.2, 55.5,0
 64.5, 55.5,0
 4.2, 55.8,0
 4.5, 55.8,0
 5.7, 55.8,0
 7.8, 55.8,0
 8.1, 55.8,0
 8.4, 55.8,0
 8.7, 55.8,0
9, 55.8,0
 9.3, 55.8,0
 9.6, 55.8,0
 10.8, 55.8,0
 11.1, 55.8,0
 11.4, 55.8,0
 11.7, 55.8,0
12, 55.8,0
 12.3, 55.8,0
 12.6, 55.8,0
 16.8, 55.8,0
 17.1, 55.8,0
 17.4, 55.8,0
 18.6, 55.8,0
 20.4, 55.8,0
 22.5, 55.8,0
 23.4, 55.8,0
 26.1, 55.8,0
 26.4, 55.8,0
 26.7, 55.8,0
27, 55.8,0
 30.3, 55.8,0
 30.6, 55.8,0
33, 55.8,0
 33.3, 55.8,0
 33.6, 55.8,0
 36.3, 55.8,0
 36.6, 55.8,0
 36.9, 55.8,0
 37.2, 55.8,0
 37.8, 55.8,0
 39.3, 55.8,0
 39.6, 55.8,0
 39.9, 55.8,0
 40.2, 55.8,0
 40.5, 55.8,0
 40.8, 55.8,0
 48.9, 55.8,0
51, 55.8,0
 55.8, 55.8,0
 56.1, 55.8,0
 56.4, 55.8,0
 56.7, 55.8,0
57, 55.8,0
 57.3, 55.8,0
 60.6, 55.8,0
 60.9, 55.8,0
 64.2, 55.8,0
 4.5, 56.1,0
 4.8, 56.1,0
 5.1, 56.1,0
 5.4, 56.1,0
 5.7, 56.1,0
 7.2, 56.1,0
 7.5, 56.1,0
 7.8, 56.1,0
 12.6, 56.1,0
 12.9, 56.1,0
 13.2, 56.1,0
 16.5, 56.1,0
 16.8, 56.1,0
 17.4, 56.1,0
 18.6, 56.1,0
 18.9, 56.1,0
 19.8, 56.1,0
 20.1, 56.1,0
 20.4, 56.1,0
 22.2, 56.1,0
 22.5, 56.1,0
 23.4, 56.1,0
 26.1, 56.1,0
30, 56.1,0
 30.3, 56.1,0
33, 56.1,0
 33.6, 56.1,0
 37.2, 56.1,0
 37.5, 56.1,0
 37.8, 56.1,0
 38.1, 56.1,0
 38.4, 56.1,0
 39.3, 56.1,0
 40.2, 56.1,0
 40.5, 56.1,0
 48.6, 56.1,0
 48.9, 56.1,0
 50.4, 56.1,0
 50.7, 56.1,0
51, 56.1,0
 54.9, 56.1,0
 55.2, 56.1,0
 56.4, 56.1,0
 56.7, 56.1,0
 60.9, 56.1,0
 61.2, 56.1,0
 64.2, 56.1,0
 5.1, 56.4,0
 5.7, 56.4,0
6, 56.4,0
 6.3, 56.4,0
 6.6, 56.4,0
 6.9, 56.4,0
 7.2, 56.4,0
 13.2, 56.4,0
 13.5, 56.4,0
 15.9, 56.4,0
 16.2, 56.4,0
 16.5, 56.4,0
 17.4, 56.4,0
 18.9, 56.4,0
 19.2, 56.4,0
 19.5, 56.4,0
 19.8, 56.4,0
 20.4, 56.4,0
 20.7, 56.4,0
 21.9, 56.4,0
 22.2, 56.4,0
 23.4, 56.4,0
 25.8, 56.4,0
 26.1, 56.4,0
30, 56.4,0
 32.7, 56.4,0
33, 56.4,0
 33.6, 56.4,0
 38.4, 56.4,0
 38.7, 56.4,0
39, 56.4,0
 39.3, 56.4,0
 40.2, 56.4,0
 40.5, 56.4,0
 48.3, 56.4,0
 48.6, 56.4,0
 50.1, 56.4,0
 50.4, 56.4,0
 54.9, 56.4,0
 55.2, 56.4,0
 55.5, 56.4,0
 55.8, 56.4,0
 61.2, 56.4,0
 61.5, 56.4,0
 63.9, 56.4,0
 64.2, 56.4,0
 5.1, 56.7,0
 5.4, 56.7,0
 5.7, 56.7,0
 13.5, 56.7,0
 13.8, 56.7,0
 15.9, 56.7,0
 17.1, 56.7,0
 17.4, 56.7,0
 17.7, 56.7,0
18, 56.7,0
 18.3, 56.7,0
 18.6, 56.7,0
 18.9, 56.7,0
 19.5, 56.7,0
 20.4, 56.7,0
 20.7, 56.7,0
 21.3, 56.7,0
 21.6, 56.7,0
 21.9, 56.7,0
 23.4, 56.7,0
 25.8, 56.7,0
30, 56.7,0
 32.7, 56.7,0
 33.3, 56.7,0
 33.6, 56.7,0
 39.3, 56.7,0
 39.6, 56.7,0
 39.9, 56.7,0
 40.2, 56.7,0
48, 56.7,0
 48.3, 56.7,0
 49.8, 56.7,0
 50.1, 56.7,0
 55.2, 56.7,0
 55.8, 56.7,0
 61.5, 56.7,0
 61.8, 56.7,0
 63.6, 56.7,0
 63.9, 56.7,0
 5.1,57,0
 13.8,57,0
 14.1,57,0
 14.4,57,0
 15.9,57,0
 17.1,57,0
 17.4,57,0
 19.5,57,0
 19.8,57,0
 20.1,57,0
 20.4,57,0
 20.7,57,0
21,57,0
 21.3,57,0
 23.4,57,0
 25.8,57,0
 29.7,57,0
30,57,0
 32.4,57,0
 32.7,57,0
 33.3,57,0
 33.6,57,0
 33.9,57,0
 34.2,57,0
 39.3,57,0
 39.6,57,0
48,57,0
 48.9,57,0
 49.2,57,0
 49.5,57,0
 49.8,57,0
 55.2,57,0
 55.5,57,0
 55.8,57,0
 61.8,57,0
 62.1,57,0
 63.3,57,0
 63.6,57,0
 4.8, 57.3,0
 5.1, 57.3,0
 14.4, 57.3,0
 14.7, 57.3,0
15, 57.3,0
 15.3, 57.3,0
 15.9, 57.3,0
 17.1, 57.3,0
 17.4, 57.3,0
 19.8, 57.3,0
 23.4, 57.3,0
 23.7, 57.3,0
 25.5, 57.3,0
 25.8, 57.3,0
 29.4, 57.3,0
 29.7, 57.3,0
 32.4, 57.3,0
 33.3, 57.3,0
 34.2, 57.3,0
 34.5, 57.3,0
 39.3, 57.3,0
 39.6, 57.3,0
 47.7, 57.3,0
48, 57.3,0
 48.6, 57.3,0
 48.9, 57.3,0
 55.2, 57.3,0
 55.5, 57.3,0
 62.1, 57.3,0
 62.7, 57.3,0
63, 57.3,0
 63.3, 57.3,0
 4.8, 57.6,0
 15.3, 57.6,0
 15.6, 57.6,0
 15.9, 57.6,0
 17.1, 57.6,0
 17.4, 57.6,0
 19.8, 57.6,0
 23.7, 57.6,0
 25.5, 57.6,0
 29.4, 57.6,0
 32.4, 57.6,0
33, 57.6,0
 33.3, 57.6,0
 34.5, 57.6,0
 34.8, 57.6,0
 35.1, 57.6,0
39, 57.6,0
 39.3, 57.6,0
 47.7, 57.6,0
48, 57.6,0
 48.3, 57.6,0
 48.6, 57.6,0
 62.1, 57.6,0
 62.4, 57.6,0
 62.7, 57.6,0
 4.8, 57.9,0
 15.9, 57.9,0
 16.2, 57.9,0
 16.8, 57.9,0
 17.1, 57.9,0
 17.4, 57.9,0
 19.8, 57.9,0
 23.7, 57.9,0
24, 57.9,0
 24.9, 57.9,0
 25.2, 57.9,0
 25.5, 57.9,0
 25.8, 57.9,0
 26.1, 57.9,0
 26.4, 57.9,0
 26.7, 57.9,0
 29.1, 57.9,0
 29.4, 57.9,0
 32.1, 57.9,0
 32.4, 57.9,0
33, 57.9,0
 35.1, 57.9,0
 35.4, 57.9,0
 35.7, 57.9,0
 38.7, 57.9,0
39, 57.9,0
 45.9, 57.9,0
 46.2, 57.9,0
 46.5, 57.9,0
 46.8, 57.9,0
 47.1, 57.9,0
 47.7, 57.9,0
48, 57.9,0
 48.3, 57.9,0
 48.6, 57.9,0
 62.1, 57.9,0
 62.4, 57.9,0
 4.5, 58.2,0
 4.8, 58.2,0
 15.9, 58.2,0
 16.2, 58.2,0
 16.5, 58.2,0
 16.8, 58.2,0
 17.4, 58.2,0
 19.8, 58.2,0
24, 58.2,0
 24.6, 58.2,0
 24.9, 58.2,0
 26.7, 58.2,0
27, 58.2,0
 27.3, 58.2,0
 29.1, 58.2,0
 32.1, 58.2,0
33, 58.2,0
 35.7, 58.2,0
36, 58.2,0
 38.4, 58.2,0
 38.7, 58.2,0
 45.9, 58.2,0
 46.2, 58.2,0
 46.5, 58.2,0
 46.8, 58.2,0
 47.1, 58.2,0
 47.7, 58.2,0
48, 58.2,0
54, 58.2,0
 54.3, 58.2,0
 61.8, 58.2,0
 62.1, 58.2,0
 4.2, 58.5,0
 4.5, 58.5,0
 15.9, 58.5,0
 16.8, 58.5,0
 17.4, 58.5,0
 17.7, 58.5,0
 19.5, 58.5,0
 19.8, 58.5,0
24, 58.5,0
 24.6, 58.5,0
 27.3, 58.5,0
 27.6, 58.5,0
 27.9, 58.5,0
 29.1, 58.5,0
 32.1, 58.5,0
 32.7, 58.5,0
33, 58.5,0
36, 58.5,0
 36.3, 58.5,0
 38.1, 58.5,0
 38.4, 58.5,0
 46.5, 58.5,0
 46.8, 58.5,0
 53.4, 58.5,0
 53.7, 58.5,0
54, 58.5,0
 54.3, 58.5,0
 61.2, 58.5,0
 61.5, 58.5,0
 61.8, 58.5,0
 3.9, 58.8,0
 4.2, 58.8,0
 15.9, 58.8,0
 16.8, 58.8,0
 17.7, 58.8,0
 19.5, 58.8,0
24, 58.8,0
 24.3, 58.8,0
 24.6, 58.8,0
 24.9, 58.8,0
 27.9, 58.8,0
 28.5, 58.8,0
 28.8, 58.8,0
 29.1, 58.8,0
 32.1, 58.8,0
 32.4, 58.8,0
 32.7, 58.8,0
 36.3, 58.8,0
 37.5, 58.8,0
 37.8, 58.8,0
 38.1, 58.8,0
 46.5, 58.8,0
 46.8, 58.8,0
 53.4, 58.8,0
 53.7, 58.8,0
54, 58.8,0
 60.9, 58.8,0
 61.2, 58.8,0
 3.9, 59.1,0
 4.2, 59.1,0
 15.9, 59.1,0
 16.8, 59.1,0
 17.7, 59.1,0
 19.5, 59.1,0
24, 59.1,0
 24.9, 59.1,0
 27.9, 59.1,0
 28.2, 59.1,0
 28.5, 59.1,0
 28.8, 59.1,0
 29.1, 59.1,0
 29.4, 59.1,0
 29.7, 59.1,0
30, 59.1,0
 30.3, 59.1,0
 31.8, 59.1,0
 32.1, 59.1,0
 32.4, 59.1,0
 36.3, 59.1,0
 36.9, 59.1,0
 37.2, 59.1,0
 37.5, 59.1,0
 51.9, 59.1,0
 52.2, 59.1,0
 60.6, 59.1,0
 60.9, 59.1,0
 4.2, 59.4,0
 15.9, 59.4,0
 16.2, 59.4,0
 16.5, 59.4,0
 16.8, 59.4,0
 17.7, 59.4,0
18, 59.4,0
 19.2, 59.4,0
 19.5, 59.4,0
24, 59.4,0
 24.9, 59.4,0
 27.6, 59.4,0
 27.9, 59.4,0
 29.4, 59.4,0
 30.3, 59.4,0
 30.6, 59.4,0
 30.9, 59.4,0
 31.2, 59.4,0
 31.8, 59.4,0
 32.1, 59.4,0
 32.4, 59.4,0
36, 59.4,0
 36.3, 59.4,0
 36.6, 59.4,0
 36.9, 59.4,0
 51.9, 59.4,0
 52.2, 59.4,0
 60.3, 59.4,0
 60.6, 59.4,0
 4.2, 59.7,0
 15.9, 59.7,0
 16.5, 59.7,0
 16.8, 59.7,0
18, 59.7,0
 18.3, 59.7,0
 19.2, 59.7,0
24, 59.7,0
 24.9, 59.7,0
 25.2, 59.7,0
27, 59.7,0
 27.3, 59.7,0
 27.6, 59.7,0
 29.4, 59.7,0
 31.2, 59.7,0
 31.5, 59.7,0
 31.8, 59.7,0
 32.1, 59.7,0
36, 59.7,0
 51.9, 59.7,0
 52.2, 59.7,0
 60.3, 59.7,0
 3.9,60,0
 4.2,60,0
 15.3,60,0
 15.6,60,0
 15.9,60,0
 16.8,60,0
 17.1,60,0
 18.3,60,0
 18.6,60,0
 19.2,60,0
24,60,0
 25.2,60,0
 25.5,60,0
 26.7,60,0
27,60,0
 29.4,60,0
 31.8,60,0
 35.7,60,0
36,60,0
 51.9,60,0
 52.2,60,0
60,60,0
 60.3,60,0
 3.9, 60.3,0
 14.7, 60.3,0
15, 60.3,0
 15.3, 60.3,0
 17.1, 60.3,0
 17.4, 60.3,0
 17.7, 60.3,0
18, 60.3,0
 18.3, 60.3,0
 18.6, 60.3,0
 18.9, 60.3,0
 19.2, 60.3,0
 19.5, 60.3,0
24, 60.3,0
 25.5, 60.3,0
 25.8, 60.3,0
 26.1, 60.3,0
 26.4, 60.3,0
 26.7, 60.3,0
 29.4, 60.3,0
 29.7, 60.3,0
30, 60.3,0
 30.3, 60.3,0
 31.8, 60.3,0
 35.4, 60.3,0
 35.7, 60.3,0
 59.7, 60.3,0
60, 60.3,0
 3.6, 60.6,0
 3.9, 60.6,0
 14.1, 60.6,0
 14.4, 60.6,0
 14.7, 60.6,0
 19.5, 60.6,0
 19.8, 60.6,0
24, 60.6,0
 25.2, 60.6,0
 25.5, 60.6,0
 30.3, 60.6,0
 30.6, 60.6,0
 30.9, 60.6,0
 31.8, 60.6,0
 34.2, 60.6,0
 34.5, 60.6,0
 34.8, 60.6,0
 35.1, 60.6,0
 35.4, 60.6,0
 59.4, 60.6,0
 59.7, 60.6,0
0, 60.9,0
 0.3, 60.9,0
 3.3, 60.9,0
 3.6, 60.9,0
 13.8, 60.9,0
 14.1, 60.9,0
 19.8, 60.9,0
 20.1, 60.9,0
 23.7, 60.9,0
24, 60.9,0
 24.9, 60.9,0
 25.2, 60.9,0
 25.5, 60.9,0
 30.9, 60.9,0
 31.2, 60.9,0
 31.5, 60.9,0
 31.8, 60.9,0
 34.2, 60.9,0
 59.1, 60.9,0
 59.4, 60.9,0
 0.3, 61.2,0
 0.6, 61.2,0
 0.9, 61.2,0
 2.4, 61.2,0
 2.7, 61.2,0
3, 61.2,0
 3.3, 61.2,0
 12.9, 61.2,0
 13.2, 61.2,0
 13.5, 61.2,0
 13.8, 61.2,0
 20.1, 61.2,0
 20.4, 61.2,0
 23.7, 61.2,0
24, 61.2,0
 24.3, 61.2,0
 24.6, 61.2,0
 24.9, 61.2,0
 25.5, 61.2,0
 25.8, 61.2,0
 31.8, 61.2,0
 32.1, 61.2,0
 33.6, 61.2,0
 33.9, 61.2,0
 34.2, 61.2,0
 49.2, 61.2,0
 49.5, 61.2,0
 58.5, 61.2,0
 58.8, 61.2,0
 59.1, 61.2,0
 0.9, 61.5,0
 1.2, 61.5,0
 1.5, 61.5,0
 1.8, 61.5,0
 2.1, 61.5,0
 2.4, 61.5,0
 9.9, 61.5,0
 10.2, 61.5,0
 10.5, 61.5,0
 10.8, 61.5,0
 11.1, 61.5,0
 11.4, 61.5,0
 11.7, 61.5,0
12, 61.5,0
 12.3, 61.5,0
 12.6, 61.5,0
 12.9, 61.5,0
 20.4, 61.5,0
 20.7, 61.5,0
21, 61.5,0
 22.5, 61.5,0
 22.8, 61.5,0
 23.1, 61.5,0
 23.4, 61.5,0
 23.7, 61.5,0
 25.8, 61.5,0
 32.1, 61.5,0
 32.4, 61.5,0
 33.3, 61.5,0
 33.6, 61.5,0
 49.2, 61.5,0
 49.5, 61.5,0
 58.2, 61.5,0
 58.5, 61.5,0
 2.4, 61.8,0
 6.3, 61.8,0
 6.6, 61.8,0
 6.9, 61.8,0
 7.2, 61.8,0
 7.5, 61.8,0
 7.8, 61.8,0
 8.1, 61.8,0
 8.4, 61.8,0
 8.7, 61.8,0
9, 61.8,0
 9.3, 61.8,0
 9.6, 61.8,0
 9.9, 61.8,0
 20.7, 61.8,0
21, 61.8,0
 22.2, 61.8,0
 22.5, 61.8,0
 23.4, 61.8,0
 25.8, 61.8,0
 26.1, 61.8,0
 32.4, 61.8,0
 32.7, 61.8,0
 33.3, 61.8,0
 48.6, 61.8,0
 48.9, 61.8,0
 57.9, 61.8,0
 58.2, 61.8,0
 2.4, 62.1,0
 6.3, 62.1,0
21, 62.1,0
 21.3, 62.1,0
 21.6, 62.1,0
 21.9, 62.1,0
 22.2, 62.1,0
 23.4, 62.1,0
 26.1, 62.1,0
 32.7, 62.1,0
33, 62.1,0
 33.3, 62.1,0
 48.6, 62.1,0
 48.9, 62.1,0
 57.6, 62.1,0
 57.9, 62.1,0
 2.4, 62.4,0
 5.7, 62.4,0
6, 62.4,0
 6.3, 62.4,0
21, 62.4,0
 22.2, 62.4,0
 22.5, 62.4,0
 22.8, 62.4,0
 23.4, 62.4,0
 23.7, 62.4,0
 26.1, 62.4,0
 26.4, 62.4,0
33, 62.4,0
 48.6, 62.4,0
 48.9, 62.4,0
 57.3, 62.4,0
 57.6, 62.4,0
 2.4, 62.7,0
 5.7, 62.7,0
21, 62.7,0
 22.8, 62.7,0
 23.1, 62.7,0
 23.7, 62.7,0
 26.4, 62.7,0
 26.7, 62.7,0
33, 62.7,0
 48.6, 62.7,0
 48.9, 62.7,0
51, 62.7,0
 51.3, 62.7,0
57, 62.7,0
 57.3, 62.7,0
 2.4,63,0
 2.7,63,0
 5.4,63,0
 5.7,63,0
 20.7,63,0
21,63,0
 23.1,63,0
 23.7,63,0
 26.7,63,0
33,63,0
51,63,0
 51.3,63,0
 56.7,63,0
57,63,0
 2.7, 63.3,0
 4.5, 63.3,0
 4.8, 63.3,0
 5.1, 63.3,0
 5.4, 63.3,0
 20.7, 63.3,0
 23.1, 63.3,0
 23.4, 63.3,0
 23.7, 63.3,0
 26.7, 63.3,0
27, 63.3,0
33, 63.3,0
 47.1, 63.3,0
 47.4, 63.3,0
 47.7, 63.3,0
 56.4, 63.3,0
 56.7, 63.3,0
 2.7, 63.6,0
 3.6, 63.6,0
 3.9, 63.6,0
 4.2, 63.6,0
 4.5, 63.6,0
 20.4, 63.6,0
 20.7, 63.6,0
27, 63.6,0
 27.3, 63.6,0
33, 63.6,0
 47.1, 63.6,0
 47.7, 63.6,0
 56.1, 63.6,0
 56.4, 63.6,0
 2.7, 63.9,0
3, 63.9,0
 3.3, 63.9,0
 3.6, 63.9,0
 11.7, 63.9,0
12, 63.9,0
 12.3, 63.9,0
 12.6, 63.9,0
 12.9, 63.9,0
 13.2, 63.9,0
 13.5, 63.9,0
 20.4, 63.9,0
 27.3, 63.9,0
 27.6, 63.9,0
 27.9, 63.9,0
33, 63.9,0
 47.1, 63.9,0
 47.4, 63.9,0
 47.7, 63.9,0
 55.8, 63.9,0
 56.1, 63.9,0
 2.7, 64.2,0
 10.5, 64.2,0
 10.8, 64.2,0
 11.1, 64.2,0
 11.4, 64.2,0
 11.7, 64.2,0
 13.5, 64.2,0
 13.8, 64.2,0
 20.4, 64.2,0
 27.9, 64.2,0
 28.2, 64.2,0
33, 64.2,0
 55.2, 64.2,0
 55.5, 64.2,0
 55.8, 64.2,0
 2.7, 64.5,0
 10.2, 64.5,0
 10.5, 64.5,0
 13.8, 64.5,0
 14.1, 64.5,0
 20.4, 64.5,0
 28.2, 64.5,0
 28.5, 64.5,0
33, 64.5,0
 33.3, 64.5,0
 54.9, 64.5,0
 55.2, 64.5,0
 2.7, 64.8,0
 9.9, 64.8,0
 10.2, 64.8,0
 14.1, 64.8,0
 20.4, 64.8,0
 28.5, 64.8,0
33, 64.8,0
 33.3, 64.8,0
 54.6, 64.8,0
 54.9, 64.8,0
 2.4, 65.1,0
 2.7, 65.1,0
 9.9, 65.1,0
 14.1, 65.1,0
 20.1, 65.1,0
 20.4, 65.1,0
 28.5, 65.1,0
 28.8, 65.1,0
 29.1, 65.1,0
33, 65.1,0
 33.3, 65.1,0
 54.3, 65.1,0
 54.6, 65.1,0
 2.4, 65.4,0
 9.6, 65.4,0
 9.9, 65.4,0
 14.1, 65.4,0
 20.1, 65.4,0
 29.1, 65.4,0
 29.4, 65.4,0
 33.3, 65.4,0
54, 65.4,0
 54.3, 65.4,0
 2.4, 65.7,0
 9.6, 65.7,0
 13.8, 65.7,0
 14.1, 65.7,0
 19.8, 65.7,0
 20.1, 65.7,0
 29.4, 65.7,0
 33.3, 65.7,0
 33.6, 65.7,0
 53.7, 65.7,0
54, 65.7,0
 2.1,66,0
 2.4,66,0
 9.6,66,0
 13.5,66,0
 13.8,66,0
 19.8,66,0
 20.1,66,0
 29.4,66,0
 29.7,66,0
 33.6,66,0
 33.9,66,0
 53.4,66,0
 53.7,66,0
 2.1, 66.3,0
 9.3, 66.3,0
 9.6, 66.3,0
 13.5, 66.3,0
 19.8, 66.3,0
 29.7, 66.3,0
 33.9, 66.3,0
 53.1, 66.3,0
 53.4, 66.3,0
 2.1, 66.6,0
9, 66.6,0
 9.3, 66.6,0
 13.5, 66.6,0
 19.5, 66.6,0
 19.8, 66.6,0
 29.7, 66.6,0
30, 66.6,0
 33.9, 66.6,0
 34.2, 66.6,0
 52.8, 66.6,0
 53.1, 66.6,0
 2.1, 66.9,0
9, 66.9,0
 13.5, 66.9,0
 15.9, 66.9,0
 16.2, 66.9,0
 16.5, 66.9,0
 16.8, 66.9,0
 17.1, 66.9,0
 17.4, 66.9,0
 17.7, 66.9,0
18, 66.9,0
 19.5, 66.9,0
 19.8, 66.9,0
30, 66.9,0
 34.2, 66.9,0
 52.2, 66.9,0
 52.5, 66.9,0
 52.8, 66.9,0
0, 67.2,0
 0.3, 67.2,0
 1.8, 67.2,0
 2.1, 67.2,0
9, 67.2,0
 13.5, 67.2,0
15, 67.2,0
 15.3, 67.2,0
 15.6, 67.2,0
 15.9, 67.2,0
 17.4, 67.2,0
 17.7, 67.2,0
18, 67.2,0
 18.6, 67.2,0
 18.9, 67.2,0
 19.2, 67.2,0
 19.5, 67.2,0
30, 67.2,0
 30.3, 67.2,0
 34.2, 67.2,0
 51.9, 67.2,0
 52.2, 67.2,0
 0.3, 67.5,0
 1.8, 67.5,0
 8.7, 67.5,0
9, 67.5,0
 13.5, 67.5,0
 13.8, 67.5,0
 14.1, 67.5,0
 14.4, 67.5,0
 14.7, 67.5,0
15, 67.5,0
18, 67.5,0
 18.3, 67.5,0
 18.6, 67.5,0
 19.2, 67.5,0
 30.3, 67.5,0
 34.2, 67.5,0
 34.5, 67.5,0
 51.3, 67.5,0
 51.6, 67.5,0
 51.9, 67.5,0
 0.3, 67.8,0
 1.5, 67.8,0
 1.8, 67.8,0
 8.7, 67.8,0
 13.2, 67.8,0
 13.5, 67.8,0
 13.8, 67.8,0
 18.3, 67.8,0
 18.6, 67.8,0
 18.9, 67.8,0
 19.2, 67.8,0
 30.3, 67.8,0
 30.6, 67.8,0
 34.5, 67.8,0
51, 67.8,0
 51.3, 67.8,0
 62.7, 67.8,0
63, 67.8,0
 0.3, 68.1,0
 0.6, 68.1,0
 1.2, 68.1,0
 1.5, 68.1,0
 3.6, 68.1,0
 3.9, 68.1,0
 8.4, 68.1,0
 8.7, 68.1,0
 12.3, 68.1,0
 12.6, 68.1,0
 12.9, 68.1,0
 13.2, 68.1,0
 18.3, 68.1,0
 19.2, 68.1,0
 30.6, 68.1,0
 34.5, 68.1,0
 34.8, 68.1,0
 50.7, 68.1,0
51, 68.1,0
 62.7, 68.1,0
63, 68.1,0
 0.6, 68.4,0
 0.9, 68.4,0
 1.2, 68.4,0
 3.6, 68.4,0
 3.9, 68.4,0
 8.1, 68.4,0
 8.4, 68.4,0
12, 68.4,0
 12.3, 68.4,0
 18.3, 68.4,0
 18.6, 68.4,0
 19.2, 68.4,0
 30.6, 68.4,0
 30.9, 68.4,0
 34.8, 68.4,0
 35.1, 68.4,0
 35.4, 68.4,0
 50.4, 68.4,0
 50.7, 68.4,0
 62.7, 68.4,0
63, 68.4,0
 0.6, 68.7,0
 0.9, 68.7,0
 7.8, 68.7,0
 8.1, 68.7,0
 11.4, 68.7,0
 11.7, 68.7,0
12, 68.7,0
 18.6, 68.7,0
 18.9, 68.7,0
 19.2, 68.7,0
 30.9, 68.7,0
 35.1, 68.7,0
 35.4, 68.7,0
 50.1, 68.7,0
 50.4, 68.7,0
 62.7, 68.7,0
63, 68.7,0
 0.6,69,0
 7.8,69,0
 11.1,69,0
 11.4,69,0
 18.9,69,0
 30.9,69,0
 31.2,69,0
 35.4,69,0
 35.7,69,0
 49.8,69,0
 50.1,69,0
 0.6, 69.3,0
 7.5, 69.3,0
 7.8, 69.3,0
 10.5, 69.3,0
 10.8, 69.3,0
 11.1, 69.3,0
 18.6, 69.3,0
 18.9, 69.3,0
 29.1, 69.3,0
 29.4, 69.3,0
 31.2, 69.3,0
 35.7, 69.3,0
36, 69.3,0
 36.3, 69.3,0
 49.5, 69.3,0
 49.8, 69.3,0
 0.6, 69.6,0
 7.5, 69.6,0
 10.2, 69.6,0
 10.5, 69.6,0
 18.6, 69.6,0
 18.9, 69.6,0
 23.7, 69.6,0
24, 69.6,0
 29.1, 69.6,0
 29.4, 69.6,0
 31.2, 69.6,0
 31.5, 69.6,0
 31.8, 69.6,0
 36.3, 69.6,0
 49.2, 69.6,0
 49.5, 69.6,0
 0.6, 69.9,0
 7.2, 69.9,0
 7.5, 69.9,0
 9.9, 69.9,0
 10.2, 69.9,0
 18.6, 69.9,0
 18.9, 69.9,0
 23.7, 69.9,0
24, 69.9,0
 24.9, 69.9,0
 25.2, 69.9,0
 29.1, 69.9,0
 29.4, 69.9,0
 29.7, 69.9,0
 31.8, 69.9,0
 32.1, 69.9,0
 36.3, 69.9,0
 48.9, 69.9,0
 49.2, 69.9,0
 0.3, 70.2,0
 0.6, 70.2,0
 1.8, 70.2,0
 2.1, 70.2,0
 7.2, 70.2,0
 9.9, 70.2,0
 18.6, 70.2,0
 24.9, 70.2,0
 25.2, 70.2,0
 25.5, 70.2,0
 25.8, 70.2,0
 29.4, 70.2,0
 29.7, 70.2,0
 32.1, 70.2,0
 32.4, 70.2,0
 36.3, 70.2,0
 36.6, 70.2,0
 48.6, 70.2,0
 48.9, 70.2,0
0, 70.5,0
 0.3, 70.5,0
 1.2, 70.5,0
 1.5, 70.5,0
 1.8, 70.5,0
 2.1, 70.5,0
3, 70.5,0
 3.3, 70.5,0
 3.6, 70.5,0
 3.9, 70.5,0
 4.2, 70.5,0
 4.5, 70.5,0
 4.8, 70.5,0
 5.1, 70.5,0
 6.9, 70.5,0
 7.2, 70.5,0
 9.6, 70.5,0
 9.9, 70.5,0
 12.9, 70.5,0
 13.2, 70.5,0
 13.5, 70.5,0
 13.8, 70.5,0
 14.1, 70.5,0
 18.6, 70.5,0
 25.5, 70.5,0
 25.8, 70.5,0
 32.4, 70.5,0
 32.7, 70.5,0
33, 70.5,0
 36.6, 70.5,0
 36.9, 70.5,0
 48.3, 70.5,0
 48.6, 70.5,0
 0.3, 70.8,0
 0.6, 70.8,0
 0.9, 70.8,0
 1.2, 70.8,0
 1.8, 70.8,0
 2.1, 70.8,0
 2.4, 70.8,0
 2.7, 70.8,0
3, 70.8,0
 5.1, 70.8,0
 5.4, 70.8,0
 5.7, 70.8,0
6, 70.8,0
 6.3, 70.8,0
 6.6, 70.8,0
 6.9, 70.8,0
 9.6, 70.8,0
 12.9, 70.8,0
 13.2, 70.8,0
 14.1, 70.8,0
 14.4, 70.8,0
 14.7, 70.8,0
15, 70.8,0
 15.3, 70.8,0
 18.6, 70.8,0
33, 70.8,0
 33.3, 70.8,0
 36.9, 70.8,0
48, 70.8,0
 48.3, 70.8,0
 6.9, 71.1,0
 9.6, 71.1,0
 13.2, 71.1,0
 13.5, 71.1,0
 13.8, 71.1,0
 15.3, 71.1,0
 15.6, 71.1,0
 15.9, 71.1,0
 16.2, 71.1,0
 16.5, 71.1,0
 18.6, 71.1,0
 33.3, 71.1,0
 33.6, 71.1,0
 33.9, 71.1,0
 36.9, 71.1,0
 37.2, 71.1,0
 47.4, 71.1,0
 47.7, 71.1,0
48, 71.1,0
 6.9, 71.4,0
 7.2, 71.4,0
 9.6, 71.4,0
 13.8, 71.4,0
 16.5, 71.4,0
 16.8, 71.4,0
 17.1, 71.4,0
 18.3, 71.4,0
 18.6, 71.4,0
 33.3, 71.4,0
 33.6, 71.4,0
 33.9, 71.4,0
 34.2, 71.4,0
 37.2, 71.4,0
 47.1, 71.4,0
 47.4, 71.4,0
 7.2, 71.7,0
9, 71.7,0
 9.3, 71.7,0
 9.6, 71.7,0
 13.8, 71.7,0
 14.1, 71.7,0
 14.4, 71.7,0
 17.1, 71.7,0
 17.4, 71.7,0
 18.3, 71.7,0
 33.6, 71.7,0
 33.9, 71.7,0
 34.2, 71.7,0
 34.5, 71.7,0
 37.2, 71.7,0
 37.5, 71.7,0
 46.5, 71.7,0
 46.8, 71.7,0
 47.1, 71.7,0
 7.2,72,0
 7.5,72,0
9,72,0
 14.4,72,0
 14.7,72,0
15,72,0
 17.4,72,0
 17.7,72,0
18,72,0
 18.3,72,0
 33.9,72,0
 34.2,72,0
 34.5,72,0
 34.8,72,0
 35.1,72,0
 37.5,72,0
 46.2,72,0
 46.5,72,0
 7.5, 72.3,0
9, 72.3,0
 14.4, 72.3,0
 14.7, 72.3,0
15, 72.3,0
 18.3, 72.3,0
 34.5, 72.3,0
 34.8, 72.3,0
 35.1, 72.3,0
 37.5, 72.3,0
 37.8, 72.3,0
 45.9, 72.3,0
 46.2, 72.3,0
 7.5, 72.6,0
 8.7, 72.6,0
9, 72.6,0
 9.3, 72.6,0
 9.6, 72.6,0
 9.9, 72.6,0
 10.2, 72.6,0
 10.5, 72.6,0
15, 72.6,0
 18.3, 72.6,0
 34.8, 72.6,0
 35.1, 72.6,0
 35.4, 72.6,0
 37.8, 72.6,0
 45.6, 72.6,0
 45.9, 72.6,0
 7.5, 72.9,0
 8.7, 72.9,0
 10.5, 72.9,0
 10.8, 72.9,0
 11.1, 72.9,0
15, 72.9,0
18, 72.9,0
 18.3, 72.9,0
 35.4, 72.9,0
 35.7, 72.9,0
 37.8, 72.9,0
 38.1, 72.9,0
 45.3, 72.9,0
 45.6, 72.9,0
 7.5, 73.2,0
 8.4, 73.2,0
 8.7, 73.2,0
 11.1, 73.2,0
 11.4, 73.2,0
 11.7, 73.2,0
12, 73.2,0
 12.3, 73.2,0
 12.6, 73.2,0
 12.9, 73.2,0
 13.2, 73.2,0
 13.5, 73.2,0
 13.8, 73.2,0
 14.7, 73.2,0
15, 73.2,0
18, 73.2,0
 35.7, 73.2,0
36, 73.2,0
 38.1, 73.2,0
 38.4, 73.2,0
45, 73.2,0
 45.3, 73.2,0
 7.5, 73.5,0
 8.4, 73.5,0
 13.8, 73.5,0
 14.1, 73.5,0
 14.4, 73.5,0
 14.7, 73.5,0
18, 73.5,0
36, 73.5,0
 36.3, 73.5,0
 38.4, 73.5,0
 38.7, 73.5,0
 44.7, 73.5,0
45, 73.5,0
 7.5, 73.8,0
 8.1, 73.8,0
 8.4, 73.8,0
18, 73.8,0
 36.3, 73.8,0
 36.6, 73.8,0
 36.9, 73.8,0
 38.7, 73.8,0
 44.4, 73.8,0
 44.7, 73.8,0
 7.5, 74.1,0
 7.8, 74.1,0
 8.1, 74.1,0
 17.7, 74.1,0
18, 74.1,0
 32.4, 74.1,0
 32.7, 74.1,0
33, 74.1,0
 36.9, 74.1,0
 37.2, 74.1,0
 38.7, 74.1,0
 44.1, 74.1,0
 44.4, 74.1,0
 7.8, 74.4,0
 8.1, 74.4,0
 17.7, 74.4,0
 29.1, 74.4,0
 29.4, 74.4,0
 32.4, 74.4,0
33, 74.4,0
 33.3, 74.4,0
 37.2, 74.4,0
 37.5, 74.4,0
 37.8, 74.4,0
 38.7, 74.4,0
 43.5, 74.4,0
 43.8, 74.4,0
 44.1, 74.4,0
 7.8, 74.7,0
 8.1, 74.7,0
 17.4, 74.7,0
 17.7, 74.7,0
 21.6, 74.7,0
 21.9, 74.7,0
 29.1, 74.7,0
 29.4, 74.7,0
 32.4, 74.7,0
 32.7, 74.7,0
 33.3, 74.7,0
 37.8, 74.7,0
 38.1, 74.7,0
 38.4, 74.7,0
 38.7, 74.7,0
39, 74.7,0
 39.3, 74.7,0
 43.2, 74.7,0
 43.5, 74.7,0
 7.8,75,0
 8.1,75,0
 17.4,75,0
 21.3,75,0
 21.6,75,0
 21.9,75,0
 22.2,75,0
 32.7,75,0
33,75,0
 33.3,75,0
 38.1,75,0
 38.4,75,0
 39.3,75,0
 42.6,75,0
 42.9,75,0
 43.2,75,0
 8.1, 75.3,0
 17.4, 75.3,0
 21.3, 75.3,0
 22.2, 75.3,0
 32.7, 75.3,0
33, 75.3,0
 33.3, 75.3,0
 39.3, 75.3,0
 39.6, 75.3,0
 39.9, 75.3,0
 42.3, 75.3,0
 42.6, 75.3,0
 54.9, 75.3,0
 55.2, 75.3,0
 8.1, 75.6,0
 10.2, 75.6,0
 10.5, 75.6,0
 10.8, 75.6,0
 11.1, 75.6,0
 15.3, 75.6,0
 15.6, 75.6,0
 15.9, 75.6,0
 17.1, 75.6,0
 17.4, 75.6,0
 21.3, 75.6,0
 22.2, 75.6,0
 22.5, 75.6,0
 33.3, 75.6,0
 33.6, 75.6,0
 39.9, 75.6,0
 40.2, 75.6,0
42, 75.6,0
 42.3, 75.6,0
 54.9, 75.6,0
 55.2, 75.6,0
 7.8, 75.9,0
 8.1, 75.9,0
 8.4, 75.9,0
 8.7, 75.9,0
9, 75.9,0
 9.3, 75.9,0
 9.6, 75.9,0
 9.9, 75.9,0
 10.2, 75.9,0
 11.1, 75.9,0
 11.4, 75.9,0
 11.7, 75.9,0
12, 75.9,0
15, 75.9,0
 15.3, 75.9,0
 15.9, 75.9,0
 16.2, 75.9,0
 17.1, 75.9,0
 21.3, 75.9,0
 22.5, 75.9,0
 24.6, 75.9,0
 24.9, 75.9,0
 25.2, 75.9,0
 33.3, 75.9,0
 33.6, 75.9,0
 40.2, 75.9,0
 40.5, 75.9,0
 41.1, 75.9,0
 41.4, 75.9,0
42, 75.9,0
 54.9, 75.9,0
 55.2, 75.9,0
 7.8, 76.2,0
12, 76.2,0
 12.3, 76.2,0
 12.6, 76.2,0
 13.2, 76.2,0
 13.5, 76.2,0
 13.8, 76.2,0
 14.1, 76.2,0
 14.4, 76.2,0
 14.7, 76.2,0
15, 76.2,0
 16.2, 76.2,0
 16.5, 76.2,0
 16.8, 76.2,0
 17.1, 76.2,0
 21.3, 76.2,0
 21.6, 76.2,0
 22.5, 76.2,0
 24.6, 76.2,0
 25.2, 76.2,0
 25.5, 76.2,0
 25.8, 76.2,0
 40.5, 76.2,0
 41.1, 76.2,0
 41.4, 76.2,0
 41.7, 76.2,0
42, 76.2,0
 54.9, 76.2,0
 55.2, 76.2,0
0, 76.5,0
 0.3, 76.5,0
 7.5, 76.5,0
 7.8, 76.5,0
 12.6, 76.5,0
 12.9, 76.5,0
 13.2, 76.5,0
 17.1, 76.5,0
 21.6, 76.5,0
 21.9, 76.5,0
 22.2, 76.5,0
 22.5, 76.5,0
 24.6, 76.5,0
 25.8, 76.5,0
 40.5, 76.5,0
 40.8, 76.5,0
 41.1, 76.5,0
 0.3, 76.8,0
 0.6, 76.8,0
 0.9, 76.8,0
 1.2, 76.8,0
 7.5, 76.8,0
 17.1, 76.8,0
 24.6, 76.8,0
 24.9, 76.8,0
 25.8, 76.8,0
 36.3, 76.8,0
 36.6, 76.8,0
 40.5, 76.8,0
 40.8, 76.8,0
 0.3, 77.1,0
 1.2, 77.1,0
 1.5, 77.1,0
 7.5, 77.1,0
 11.4, 77.1,0
 11.7, 77.1,0
12, 77.1,0
 12.3, 77.1,0
 12.6, 77.1,0
 12.9, 77.1,0
 13.2, 77.1,0
 13.5, 77.1,0
 13.8, 77.1,0
 17.1, 77.1,0
 17.4, 77.1,0
 24.9, 77.1,0
 25.2, 77.1,0
 25.5, 77.1,0
 25.8, 77.1,0
 36.3, 77.1,0
 36.6, 77.1,0
 40.2, 77.1,0
 40.5, 77.1,0
 0.3, 77.4,0
 1.5, 77.4,0
 1.8, 77.4,0
 2.7, 77.4,0
3, 77.4,0
 3.3, 77.4,0
 3.6, 77.4,0
 3.9, 77.4,0
 4.5, 77.4,0
 4.8, 77.4,0
 5.1, 77.4,0
 5.4, 77.4,0
 5.7, 77.4,0
 6.9, 77.4,0
 7.2, 77.4,0
 7.5, 77.4,0
 10.8, 77.4,0
 11.1, 77.4,0
 11.4, 77.4,0
 11.7, 77.4,0
12, 77.4,0
 13.2, 77.4,0
 13.5, 77.4,0
 13.8, 77.4,0
 17.1, 77.4,0
 17.4, 77.4,0
 38.7, 77.4,0
39, 77.4,0
 39.3, 77.4,0
 39.6, 77.4,0
 39.9, 77.4,0
 40.2, 77.4,0
0, 77.7,0
 0.3, 77.7,0
 1.8, 77.7,0
 2.1, 77.7,0
 2.4, 77.7,0
 2.7, 77.7,0
3, 77.7,0
 3.3, 77.7,0
 3.9, 77.7,0
 4.2, 77.7,0
 4.5, 77.7,0
 4.8, 77.7,0
 5.1, 77.7,0
 5.7, 77.7,0
6, 77.7,0
 6.3, 77.7,0
 6.6, 77.7,0
 6.9, 77.7,0
 7.5, 77.7,0
 10.5, 77.7,0
 10.8, 77.7,0
 13.5, 77.7,0
 16.8, 77.7,0
 17.1, 77.7,0
 38.7, 77.7,0
39, 77.7,0
 39.3, 77.7,0
 39.6, 77.7,0
 2.4,78,0
 2.7,78,0
 6.3,78,0
 6.6,78,0
 6.9,78,0
 7.2,78,0
 7.5,78,0
 10.2,78,0
 10.5,78,0
 13.5,78,0
 13.8,78,0
 16.5,78,0
 16.8,78,0
 38.4,78,0
 38.7,78,0
 2.7, 78.3,0
 6.9, 78.3,0
 7.2, 78.3,0
 9.6, 78.3,0
 9.9, 78.3,0
 10.2, 78.3,0
 13.8, 78.3,0
 14.7, 78.3,0
15, 78.3,0
 15.3, 78.3,0
 15.6, 78.3,0
 15.9, 78.3,0
 16.2, 78.3,0
 16.5, 78.3,0
 38.1, 78.3,0
 38.4, 78.3,0
 56.1, 78.3,0
 56.4, 78.3,0
 2.7, 78.6,0
3, 78.6,0
 3.3, 78.6,0
 7.2, 78.6,0
 7.5, 78.6,0
 7.8, 78.6,0
9, 78.6,0
 9.3, 78.6,0
 9.6, 78.6,0
 9.9, 78.6,0
 13.8, 78.6,0
 14.1, 78.6,0
 14.4, 78.6,0
 14.7, 78.6,0
 15.3, 78.6,0
 15.6, 78.6,0
 15.9, 78.6,0
 16.2, 78.6,0
 38.1, 78.6,0
 56.1, 78.6,0
 56.4, 78.6,0
 56.7, 78.6,0
57, 78.6,0
 3.3, 78.9,0
 3.6, 78.9,0
 7.2, 78.9,0
 7.8, 78.9,0
 8.1, 78.9,0
 8.4, 78.9,0
9, 78.9,0
 15.9, 78.9,0
 16.2, 78.9,0
 37.8, 78.9,0
 38.1, 78.9,0
 56.1, 78.9,0
 56.4, 78.9,0
 56.7, 78.9,0
57, 78.9,0
 3.6, 79.2,0
 3.9, 79.2,0
 4.2, 79.2,0
 6.9, 79.2,0
 7.2, 79.2,0
 8.4, 79.2,0
 8.7, 79.2,0
9, 79.2,0
 15.9, 79.2,0
 37.5, 79.2,0
 37.8, 79.2,0
 56.1, 79.2,0
 56.4, 79.2,0
 56.7, 79.2,0
57, 79.2,0
 4.2, 79.5,0
 4.5, 79.5,0
 4.8, 79.5,0
 5.1, 79.5,0
 5.4, 79.5,0
 5.7, 79.5,0
6, 79.5,0
 6.3, 79.5,0
 6.6, 79.5,0
 6.9, 79.5,0
 8.7, 79.5,0
9, 79.5,0
 15.9, 79.5,0
 37.2, 79.5,0
 37.5, 79.5,0
 56.1, 79.5,0
 56.4, 79.5,0
 56.7, 79.5,0
57, 79.5,0
 8.7, 79.8,0
9, 79.8,0
 15.9, 79.8,0
 36.9, 79.8,0
 37.2, 79.8,0
 56.1, 79.8,0
 56.4, 79.8,0
 8.7, 80.1,0
9, 80.1,0
 15.6, 80.1,0
 15.9, 80.1,0
 36.6, 80.1,0
 36.9, 80.1,0
 15.6, 80.4,0
 36.6, 80.4,0
 15.6, 80.7,0
 36.3, 80.7,0
 36.6, 80.7,0
 15.6,81,0
 35.7,81,0
36,81,0
 36.3,81,0
 15.6, 81.3,0
 35.4, 81.3,0
 35.7, 81.3,0
 15.3, 81.6,0
 15.6, 81.6,0
 35.1, 81.6,0
 35.4, 81.6,0
 15.3, 81.9,0
 34.8, 81.9,0
 35.1, 81.9,0
 15.3, 82.2,0
 34.5, 82.2,0
 34.8, 82.2,0
15, 82.5,0
 15.3, 82.5,0
 34.2, 82.5,0
 34.5, 82.5,0
 14.7, 82.8,0
15, 82.8,0
 33.9, 82.8,0
 34.2, 82.8,0
 14.7, 83.1,0
 33.9, 83.1,0
